bvid,aid,title,play,search_keyword
BV1Wa411d783,259673058,京都超人气流（口）水素面，日本人为了吃到底有多拼，佩服佩服！,4764198,京都旅游
BV1w251zSEwV,114376338117314,Vlog. | 在京都突然当上合照景点的一天..？*:ஐ,1952664,京都旅游
BV1QwEtz8EYg,114517098892929,来了京都旅游，才知道这里为什么是日本人的家乡...,1572367,京都旅游
BV1g6421F7CT,1351972312,体验京都最贵酒店！能坐直升机房费上百万日元？,1560526,京都旅游
BV14VG1zsE9F,114420629966427,你见过四月份的京都雪吗？原来真的跟动漫里一摸一样…,1469476,京都旅游
BV1ocoQYpEfm,114238093792143,大唐使到京都的一天,1456191,京都旅游
BV1Lq421c788,1452942856,一个人去日本溜达了12天！,1449747,京都旅游
BV1Sy411B74t,1955628012,救命！！在日本被难吃哭，被人认成高中生……旅游就是一场变形记啊！！,1386935,京都旅游
BV1aUARezEtU,114056648200754,日本什么时候才能停止对中国的仇恨宣传教育😅？没完了是吧：京都寺院住持控诉游客失德行为（2025年2月23日报道）,1291460,京都旅游
BV1ia7QzPECr,114615111392115,在京都|和周杰伦偶遇合照的Vlog,1082526,京都旅游
BV1pyRoYrEPp,114285036441725,合法驾驶1:1初号机！京都旅行vlog,1074553,京都旅游
BV1WtU9BCExP,115611107595057,我来京都就是为了这一刻！！！,947247,京都旅游
BV1FJ91YKEWE,114120149963827,vlog23# 一个人的日本之旅｜大阪｜奈良｜京都｜神户｜富士山｜东京｜阪进东出,941489,京都旅游
BV1k24y1P7pL,783817540,一个人寻找动漫里的夏天！京都旅行｜无尽夏,899535,京都旅游
BV12F411Q78y,273548858,😂日本宅男变身特种兵40度高温下，玩遍京都祇園祭？！,669371,京都旅游
BV1PrvpB4EWk,115801008906212,“谁让你做中国人的生意了🤣？”你活该赚不到钱：日本奈良准备将“安静”作为旅游的卖点（2025年12月26日报道）,643965,京都旅游
BV1UfKMziEtQ,114736662320047,🇯🇵揭秘舞妓❗️仅剩48人的京都传统行业,617379,京都旅游
BV1N64y1N7LS,581248057,【4K超清】1月傍晚漫步游日本京都 从京都塔到清水寺 拍摄日期：2024.1,612897,京都旅游
BV1JQP4zTEUx,116183982413880,一个人在关西玩8天是一种什么体验.ep1｜有马｜神户｜京都｜私汤温泉｜神户牛初体验｜chiikawa买买买｜美食美景｜solo trip,609653,京都旅游
BV1eMGPz2Eui,114822746217218,京都高温，人都晒化了，看到跪着一点点擦马路的人，非要在最热的时间做吗,590309,京都旅游
BV1KtmbBCEnq,115694725242527,“日本难道是中国人的老巢吗😡？”反正只要出事了怪中国就行：京都所谓的旅游公害问题该怎么解决【幽默Radio第1期】,572813,京都旅游
BV1463Mz7EeT,114789393106650,玩转关西｜第一次来日本必看的保姆级建议｜大阪｜京都｜滋贺｜VLOG103,552890,京都旅游
BV147CgYWERY,113700618901225,京都VLOG｜独自旅行真的上瘾🍁枫叶季在京都小住三周｜阳光下 感受所有的情绪都是肆意的…,503300,京都旅游
BV1vu1KYcEjU,113360645457364,我又一个人去日本玩了！（京都篇）,485977,京都旅游
BV14J411e7Gx,80987146,【日本京都】所向往未曾见过的景色就是比宇宙更远的地方【旅拍短片vlog】,475229,京都旅游
BV16Tr6YRENv,113796282581507,VLOG. 从大阪吃到京都 超好吃的天妇罗和鳗鱼饭 见到了冬天的最后一场红枫 边走边吃什么的最快乐了,470333,京都旅游
BV1iDbpzUENZ,115032444766901,普通大学生带老妈去日本旅游了10天（可以直接抄我的作业）,466827,京都旅游
BV1Zb421v7Qj,1805200431,京都全体验，那就再骗我一次吧。,444588,京都旅游
BV1iv411G7HJ,250860314,京都的这家酒店，房间楼下居然就是......,434131,京都旅游
BV1KM4m117ND,1306425104,9分钟游遍京都：曾作为日本首都1000余年，仿照长安而修建！,427748,京都旅游
BV1Zn4y1Q7JX,1055745034,日本，值得去吗？最真实详细的体验！,426196,京都旅游
BV1RogrzDEX2,114771978360860,以为京都已经很美了，直到去了九州……,415850,京都旅游
BV18y4y1F7Ay,788676134,韩国博主Arin中字Vlog｜日本京都｜夏末的清水寺｜刨冰,408619,京都旅游
BV1dHWEzWE8N,115388943762124,🦊东京女生京都小狐狸vlog｜中日双语字幕,390618,京都旅游
BV1am421M7xm,1604753711,坐上森林电车，一键进入京都的夏天,388452,京都旅游
BV1ViKAeBExP,114001166080129,大阪原来也这么好逛！｜关西逛街探店VLOG｜大阪/神户/京都,384860,京都旅游
BV1umNRzqErK,114726260444385,为什么外国人喜欢去日本旅游？,381260,京都旅游
BV1e79fBWEq8,116510601253226,一个人在关西玩8天是一种什么体验.ep2｜京都｜宇治｜奈良｜大阪｜买谷｜被鹿殴打｜omakase｜花火大会尾气版｜史努比,376029,京都旅游
BV1Wb411c7aN,35551988,这才是正宗的日本京都旅游【Do君vlog】,371129,京都旅游
BV1cwCNYFEAs,113712732049521,网友在日本京都，发现大量“洛阳”，随处可见。,369683,京都旅游
BV13m4y1n7rj,700673495,日本vlog1｜勇敢的人先享受世界｜大阪·京都·自由行,363750,京都旅游
BV1Cr421j7tM,1404790133,比起京都，这里才是我想象中的日本,361650,京都旅游
BV1TC4y137Zg,747453621,另类日本城市：京都｜看过没有绿化的大阪，不如看下没有水泥森林的京都｜出门就是庙是什么感觉？｜日本关西古城,347222,京都旅游
BV1jLiXYgEGH,113596684044022,【独行日本】为什么京都才是我最喜欢的日本城市｜Vlog 02,334734,京都旅游
BV1Ho4y1k7ZV,376180274,开箱京都小饭桌 花式莫茶梗 玄大明白的快乐生活 女配角华丽满血复活,327973,京都旅游
BV1PbfaYnESr,113871595573699,超全攻略！一周8k玩转日本关西5城｜大阪 神户 京都 奈良 宇治 大阪环球影城｜日本旅行攻略,321425,京都旅游
BV1Sf421R7ZQ,1204906433,在日本旅游12天能换多少套衣服,313436,京都旅游
BV1VUs5zVEFn,115424142296699,3万/晚的京都安缦入住体验！全程私人定制～包场跟艺伎聊天&amp;玩游戏｜私人寺庙插花！,307996,京都旅游
BV1sx411f7Q4,58635677,日本关西旅行记vlog 京都篇 咣当当当～,300823,京都旅游
BV1mL4y1q7PY,849075883,日本高中生放学了，偶遇一些高中生，小学生。京都散步，聊聊日本的生活,297010,京都旅游
BV1yJzUB3EPH,115952809150090,Hello Kitty列车配河豚宴！大阪就该这么玩｜关西vlog,288561,京都旅游
BV1vnHLz6EeD,115310292180144,东京市政府，真的是个旅游景点，免费又好玩,287339,京都旅游
BV17M411u7J6,526416922,PDD：昨晚在大阪CLUB消费10W 所以妹妹来京都陪吃饭,286289,京都旅游
BV1Xu4y1g7fR,921838864,因柯南牵了姻缘线的粉丝夫妻—日本鸟取与京都柯南圣地巡礼,283055,京都旅游
BV1D35NznEca,114471112544118,【日本vlog】第一次去日本旅行应该怎么玩？ | 8天8夜 | 阪进东出 | 大阪奈良京都东京 | 环球 | 涩谷sky,282965,京都旅游
BV14J411P7PC,67468369,我在日本留学的平凡一天 | 京都大学长啥样？| 骑车去研究室 | 食堂吃饭 | 饭后撸猫,281738,京都旅游
BV1rzJ6z2Esv,114546106700641,京都VLOG｜累了就一个人背上包出发吧｜再次闯入京都的夏天 进山除了收获满眼翠绿还有各种小虫子😂｜久违的喫茶店 意外的爱上一家乌冬店的天妇罗…,276775,京都旅游
BV1imugzYE6r,114833802397841,京都二年坂偶遇了小日本的败类,272325,京都旅游
BV1iy411e76X,1956409878,VLOG#23.京都伊豆夏游记🍃｜日本旅行,266660,京都旅游
BV1TC4y1Q7B6,792315022,日本旅游攻略-关西京都/大阪篇,264745,京都旅游
BV1AwNHzFEnF,114704752050351,满地流浪汉的日本你见过吗？每周去一座危险城市旅游，今天去大阪,1829887,大阪旅游
BV15k4y1x7qV,741508574,😂日本的大阪人，人均社牛！？,1599669,大阪旅游
BV1Y44tzXEhJ,115372183391372,去了一趟大阪世博会！现场到底拉不拉?【关西vlog】,945477,大阪旅游
BV1p8e7zxEgZ,115081836824567,柯南小镇封神攻略～大阪出发一日往返柯迷必备！,918935,大阪旅游
BV1Bq4y167Wg,591793655,😂为什么只有日本才会遍地自动贩卖机？！#大阪 #日本 #海外生活,914355,大阪旅游
BV1CF411o7Fk,274510706,日本穷人每天都吃什么挂壁饭？胖大佐带你去吃日本挂壁饭【日本03】,888397,大阪旅游
BV1fY411Y7BC,267303243,登顶日本大阪最高峰金刚山，下山疯狂吃了一顿黑毛和牛烤肉才花了100多！,878665,大阪旅游
BV1hG4y1p7MT,816531268,中字 情趣酒店 电车房 美女好会演,847685,大阪旅游
BV16zo9YNEyW,114238848767842,大阪旅游必去的炉端烧？网红推荐店真的靠谱吗！?,830617,大阪旅游
BV1FP5Cz6E4K,114356977145817,【黄强强】《开启新地图-大阪的日本》,823768,大阪旅游
BV15j411g7bL,437788980,峰哥揭秘日本大阪贫民区居酒屋一条街,764928,大阪旅游
BV1oY411U7Gb,264450355,卧槽……我完全理解大阪飞田新地是日本最好的地方了哈哈哈！,743844,大阪旅游
BV1ZtKwzYEiK,114715103597471,网传大阪旅游必吃的烤串店！网红店铺到底靠谱吗？？,733686,大阪旅游
BV1hy411B7rM,1956096275,日本旅行大实话！,717102,大阪旅游
BV1174AeGEFR,113248858801902,挑战大阪奇葩娃娃机，竟然被日本美女欺诈！,715235,大阪旅游
BV1Hy4y1o7T8,779978132,日本大阪中心商业街区都有啥？相当乏味无聊，本期可以不看,706887,大阪旅游
BV1xn4y197tG,1055509429,大阪全体验，什么才是关西特色？,639341,大阪旅游
BV1Y82JB4EpV,115667814587346,大阪必逛景点通天阁，美食一条街，餐馆会不会坑游客？我去吃了寿司。一个人花了多少钱能吃饱？价格比北京上海贵还是便宜？,619461,大阪旅游
BV1H7PeePE4u,114064197944170,日本VLOG : ) 独自旅行の五天四晚/在下雪天吃蛋包饭/沉浸式逛器皿店/便利店美食/夜晚的大阪街头/爱上欧蕾咖啡,609042,大阪旅游
BV1Ca2dYHEyq,113310213086169,在日本拍到旅游转场啦！,605177,大阪旅游
BV1yh4y1x7MU,613981416,如何玩转大阪环球影城超级马里奥园区,584791,大阪旅游
BV1bQ4y1i7XX,719524722,探秘日本大阪新世界！,583898,大阪旅游
BV1gh4y1T7oR,617733808,8分钟游遍大阪：古老与现代并存，日本第二城是怎样的景象？,570280,大阪旅游
BV1ri4ueWEhR,113235856459218,探秘大阪秋叶原！竟然还有这种奇葩店铺！,567853,大阪旅游
BV1P5411N7ne,459794234,不是亲孙子来，还真吃不到这么料足的大阪烧！,549804,大阪旅游
BV1nr4y1d7RL,744786410,日本穷人每天都吃什么挂壁饭？胖虎君带你去吃日本挂壁自助餐【日本04】,549126,大阪旅游
BV1eu4m1P7zU,1300590596,去大阪不去通天阁相当于白去…,539108,大阪旅游
BV1XS4y1F7u7,681753212,大阪炉端烧就是比东京接地气，哈哈哈,531121,大阪旅游
BV1e841197HJ,232486578,大阪旅游避坑!!试吃多款网红小吃发现日本宰游客现象也很严重！,520027,大阪旅游
BV1ApwAekEpb,113848577170167,第一次去日本！不会日语英语！能安全到大阪酒店吗？,510263,大阪旅游
BV1ov4y1o7ba,544029584,大阪摊店偶遇话唠老爷爷。,506855,大阪旅游
BV1s7421T7BH,1650174788,从大阪到东京的睡眠舱夜间巴士,502927,大阪旅游
BV16UzjYQEq2,113569236523210,大阪世博会售票不理想 7成日本人表示不想去 寄希望于中国游客 还被担心太过依赖中国 服,487068,大阪旅游
BV18jWHzsEDZ,115391393237213,完了！孩子爱上旅游，以后忘崽不了啦！！！【日本vlog】,471696,大阪旅游
BV1r7411D711,100326567,【星悦】YOYO大叔带逛大阪，会不会把我带坏了？,461918,大阪旅游
BV1daLv6wETw,116616733922347,在日本待久了，真的会越来越压抑？我在大阪找到了不一样的答案,454019,大阪旅游
BV1a1NGebEdA,113969071194400,大阪Vlog | 吃到超美味大阪烧😋、日本温泉♨️初体验、和牛🥩吃到爽、大阪竟成最爱城市😍,444161,大阪旅游
BV1vxtszSEZS,114996524680867,日本大阪街头最便宜的自动贩卖机！里面竟然都有这些！,443812,大阪旅游
BV15vJ3zoER5,114527819532475,「大阪vlog」#我独自关西行第一站 大阪篇！｜宫田面儿蘸面｜kusaka curry｜日式碶茶店早餐set｜711网红布丁｜梅田逛街天堂&amp;购物分享｜大阪烧,419877,大阪旅游
BV1YoMBzTE1w,114676146899961,【补档】《关于我第二次去日本就和樱花妹从东京回大阪见父母这件事》—日本东进阪出vlog,417066,大阪旅游
BV1khKHzAEgg,114743675194577,旅行VLOG | in日本东京、大阪、镰仓 | 涩谷、秋叶原、心斋桥、灌篮高手取景地…五人组热血出发！我们的青春永不落幕！,409961,大阪旅游
BV1pJ41157kU,82478378,大阪西城区2块钱的椰汁,386238,大阪旅游
BV1gnZEYsExz,114255508540323,2025 OSAKA vlog|关西5日自由行 USJ大阪环球影城+HELLOKITTY,375389,大阪旅游
BV14zv2exEFF,112877780340427,【VKlog】全大阪JOJO浓度最高的拉面！,367134,大阪旅游
BV1zF41127Dz,276782203,日本店家很失望，国庆期间中国人赴日旅游人数不及预期。以前人多得都走不动的市场，如今竟空无一（中国）人。日本店家「希望多来点中国游客呢」,360161,大阪旅游
BV1VbVFz6E1x,114447842548774,最拉胯世博？和上海差距太大了 这届有什么好看的 看我在大阪前线报道（上）,355198,大阪旅游
BV1rK4y1S7w1,929344347,大阪夜猫子集合地，垃圾直接扔地上的网红餐厅。,351714,大阪旅游
BV13T4y1W7s5,923132585,去了日本十多次经验，整理出来的大阪五天四夜攻略,347931,大阪旅游
BV1tU4y1J72J,674622338,佳佳‘s日本旅行vlog｜奈良，东京，大阪,342491,大阪旅游
BV1Th411w7nM,228718951,😂日本退休宅男为了再就业，跑400公里上孤岛开珍珠盲盒？！,334782,大阪旅游
BV1KRwezhEAc,116249379997564,终于轮到我用这个BGM了,334344,大阪旅游
BV18fD5Y4EfQ,113437568930059,在东京朗诵《长恨歌》，日本人全是白居易粉丝！？,4384318,东京旅游
BV1omoHYzEST,114340367766664,【双杜比】在东京拍样片，被当成明星了……？,3013993,东京旅游
BV1fH4y1F7WB,1056261332,光鲜亮丽的日本，隐藏着阴暗的一面，我在日本旅游看到的一系列社会问题,2965354,东京旅游
BV1Bx4y197gx,998887034,租房要一次性付百万日元？东京租房太夸张了！,2950183,东京旅游
BV18Z421y7zm,1151203437,挑战在日本东京用刮刮乐生活一天，结果....,2475893,东京旅游
BV1LD4y1a7zU,733630708,东京特产：原神广告,2289341,东京旅游
BV1uM4y1h7Ps,910647055,东京人民，喜迎新装（但是崩铁）,2219415,东京旅游
BV12S421X7Ev,1506322425,旅行VLOG | in日本东京 | 一起穿浴衣去看花火大会吧！夏夜、海风、烟花….动漫照进现实！最幸福的一集～,2153525,东京旅游
BV12t4y1Z76Z,623344105,9分钟游遍东京：日本的首都，世界上人口最多的城市长什么样？,2127166,东京旅游
BV1ghujzzEzf,114838634300822,第一次出国就住进日本人的家里，5000元穷游日本7天能有多爽？,2077718,东京旅游
BV1kb411S7fb,43211473,在日本，体验人均100和1000元的寿司丨东京美食VLOG,1866968,东京旅游
BV1Cb41127g5,43673305,跟风排队，居然吃到东京最强海鲜丼丨东京美食VLOG,1787727,东京旅游
BV1fb41187Qt,44767584,这是我吃过最重口的拉面，见过最帅气的老板丨东京美食VLOG,1757331,东京旅游
BV1vmC1BFEYi,115553024876368,第一次去日本，看到了干净国家的另一面，入住LOFT房型网吧，这里是东京歌舞伎町一番街,1755622,东京旅游
BV1Ay1GYhEcX,113382153784930,[4KHDR]日本云旅游2024 | 漫步日本东京池袋，放松解压城市环境音,1729938,东京旅游
BV1MgRWYdEKi,114127833930900,整条街都是外国人了，这还是你认知中的日本吗？揭秘东京最贫穷地区，繁华城市背后的真实下町生活,1683830,东京旅游
BV1rf421i7yP,1206611665,旅行VLOG | in日本东京 | 秋叶原、涩谷、新宿、东京塔、浅草寺、池袋、原宿…..统统逛一遍！女仆咖啡厅初体验～真的巨萌…..！,1637712,东京旅游
BV1fs4y1m7Xs,994329697,😂日本东京炖了75年的牛杂盖浇饭，一碗难求？！,1570326,东京旅游
BV1Jb411h72T,44308366,东京Top5的猪排饭，排了2个小时才吃到丨东京美食VLOG,1550881,东京旅游
BV1o2dVY5EwC,114313104790817,从上天到入土？花一万多和老婆体验东京夜生活！,1544901,东京旅游
BV15c411M7L9,272375353,【晓观】第一次出国…没想到,1426434,东京旅游
BV11Z1MByEPg,115468182492417,看了十年动漫去东京，竟能跟樱花妹无痛交流？【日本游·完结篇】,1397681,东京旅游
BV1njCBYZE2k,113717261897552,我连续拜访了日本最贫穷的城市和最荒芜的城市｜百国旅行第26国-日本（2）,1373544,东京旅游
BV14h4y1777w,615542199,［4KHDR］日本云旅游｜漫步日本神奈川县镰仓高校前，放松解压城市环境音,1336452,东京旅游
BV1KRHdzzEMT,115181510202932,超沉浸电影感！ | 21岁，一个人，在日本的十一天 | EP.1 东京 | 池袋、秋叶原、涩谷、千叶 | 4K SDR,1324705,东京旅游
BV1oT4y1Z7za,933396444,花费百万，把锦州小串，东北菜摆摊到了日本东京做了个大排档,1315198,东京旅游
BV1ET4y167Ju,938862364,我今年26，在东京摆烧烤摊一年了，这可能就是真实的日本,1308176,东京旅游
BV1BS421X7Hr,1506332269,不吹不黑，峰哥带你看最真实孟加拉富人区，消费堪比东京,1290179,东京旅游
BV1sE411q722,74972068,【4K】早稲田大学東京花火｜ハヰカラ（湘南よさこい2018）,1289197,东京旅游
BV1wJ411j7wE,82305701,我住在东京评分最差的旅店,1221088,东京旅游
BV1Ax4y1e7WA,1002928486,和好朋友去东京旅行，给她们一点二次元的震撼！,1185822,东京旅游
BV1Hu4y1z74q,916224007,【卢克文工作室】来河南旅游一次吧，世界顶级的旅游体验！,1159278,东京旅游
BV1Zm4y1b7c5,698709011,六年后重走一遍东京，会有什么变化呢？,1126370,东京旅游
BV1AwYuegE5L,112932927180204,在东京，我拍出来了独属于我的《One Last Kiss》,1116561,东京旅游
BV1NoBuYgEy3,113646378157958,探访日本第一大城市东京｜东京贫民窟｜女仆咖啡馆｜秋叶原｜镰仓｜灌篮高手｜百国旅行第26国-日本（1）,1112568,东京旅游
BV15k4y1i7dr,739302943,卧槽……我完全理解大久保公园是东京最有人气的公园了 !  连下雨天都有很多漂亮妹子在医院门口玩手机等朋友。,1068706,东京旅游
BV1DMaGz7EE3,115122840281008,坠入东京的昼与夜,1040361,东京旅游
BV1MfKgzLEYX,114737434135776,🎀东京女生秋叶原女仆vlog｜中日双语字幕,1038272,东京旅游
BV11yXmBGEXR,116310851722584,如果东京只有一个，那必定是开封！,1029003,东京旅游
BV12m42157yU,1605444138,日本的奇怪现象，满大街都是死气沉沉的青年人和朝气蓬勃的老年人#日本 #带你看世界  #环球旅行,1018314,东京旅游
BV1Zt411p7RT,40470994,【cos】去东京漫展抓卖本子的小柔吧！,988855,东京旅游
BV1sr4y1572y,771599638,洛杉矶到东京！第一视角体验：服务满分的日本航空头等舱,968505,东京旅游
BV12T421k7Uh,1706244171,东京全体验，看完都说要再去，经典路线篇重览独特都会。,957983,东京旅游
BV1ccmkBzETc,115721048688256,中国游客赴日旅游锐减，东京街头垃圾乱象却依旧 转而“盯上”别国游客,933596,东京旅游
BV1vx41197Hq,57204613,外国人第一次见李子柒砌砖惊呆了！ 小日本：这一餐在东京要1000美元！李子柒《挖松茸》油管超长评论翻译,931706,东京旅游
BV1VYk6B3EC1,115529905869959,日本熊灾 熊群为何直逼东京 人熊大战背后是什么诱发因素导致的 如何解决,917858,东京旅游
BV131421Q7KT,1551972292,去东京，我只做三件事！,898728,东京旅游
BV1fa4y1E72f,669067860,日本疫情每天破纪录 除了补贴旅游 安倍专心研究自己的纯棉口罩 民众大怒,893542,东京旅游
BV16p4y1S7eo,968883894,再 不 旅 行 就 疯 了,890723,东京旅游
BV1WA4m1c7DP,1103098409,逛日本最大玩具店，日本小孩玩的也太花了吧!,872595,东京旅游
BV1Po4y147x6,398391450,突发 银座钟表店被抢劫 全程被记录 简直电影,853399,东京旅游
BV1Df4y1a7mu,290523642,给日本富豪小孩当保姆是什么样的体验？,846578,东京旅游
BV1DV4y1X7oj,866606921,日本人东京之旅第一站！新宿的夜晚难以入眠！,842926,东京旅游
BV1ZbiBYPE8g,113605391422823,「她国日记」下篇 在神奈川小住 雨中闯入新海诚的言叶之庭,839383,东京旅游
BV1ZasdzNEnz,115434510618589,舌尖上的明治维新｜「和风洋食」觅食指南（上）,836152,东京旅游
BV1GX4y1g7Sb,714901271,超美！东京2021年目黑川樱花雨,830124,东京旅游
BV1gW411J7da,19630832,【恐高慎入】4K航拍日本东京 无敌夜景 亚洲第一大都市 城市天际线,829569,东京旅游
BV187411m7FJ,98651068,山东人和东北人喝酒给日本北海道烧烤店的老板上了一课,2090626,北海道旅游
BV1U6Amz3Eau,116140663638152,🍎新年旅游，差点把姥姥玩儿没了,1616956,北海道旅游
BV1kJ411E7xW,83879006,【柴西】小柴の北海道Vlog 被日本男高中生搭讪，好现实啊！！！,1542283,北海道旅游
BV1S9ZGYqEEr,114235124227975,攻略全白做！北海道旅行翻车实录,1162406,北海道旅游
BV1KnQrYwE3h,114162327882335,J人和P人一起旅游！单身汉混入情侣局？北海道の离谱之旅！,1121638,北海道旅游
BV121nsznEd9,115262795810431,在北海道大雪中拍到了人生照片！还被好几批学生围住说认识我！？｜刘阳的摄影vlog,1047576,北海道旅游
BV17yNDeCEEB,113974590833638,家人们避雷了，北海道居然是这样！（攻略见简介）,1020753,北海道旅游
BV16yWvzkEkz,115382484472031,人口仅2000，却人均年收40万人民币？实地探访日本最富的村：北海道猿払村的秘密,1013397,北海道旅游
BV1QhPTezEYk,114046749643770,带我家猫出国去北海道旅游,1004777,北海道旅游
BV1Nr421M7EB,1406221462,《一个人的北海道探险记》完整版,914067,北海道旅游
BV1e7411a7rB,84725786,【柴西】智商税！？日本1w块一晚和600一晚的酒店差别到底有多大？？？北海道Vlog,850390,北海道旅游
BV1cpiBYuEBv,113605458530699,挑战全B站第一个用live图在北海道拍《One Last Kiss》MV！,758089,北海道旅游
BV1CV4y1q751,871516875,在北海道吃个旋转寿司有多尴尬,699931,北海道旅游
BV14uhmz6EXV,115106700599024,日本社畜吃点啥？北海道出差就给我开一天？那我可就不客气了👋🏻,693652,北海道旅游
BV1MQ4y1b7Ar,706034189,“你好，可以载我们去北海道拍结婚照吗？”,641651,北海道旅游
BV1K9ZhYnEGA,114246935380072,6傻大闹北海道！随便一拍都是人生照片！,637708,北海道旅游
BV1txKqzQE9y,114752936218308,住进游轮里的胶囊酒店，竟然只要几百元就能从北海道→东京？日本慢旅行EP2,591072,北海道旅游
BV13WwHzPEuN,116222905554832,用转场打开我的北海道之旅！,575711,北海道旅游
BV1xa4y1174b,666200431,日本 · 北海道札幌 | 大雪纷飞之夜，我也希望能够感觉到你的存在,526303,北海道旅游
BV1gvc3ekEPD,113814955629938,在北海道拍了神随转场！,514502,北海道旅游
BV19m411Q7S7,1900384042,你好，可以去你家给你做饭吗？假期游玩篇-6 北海道篇！,510692,北海道旅游
BV1Xf4y1j7pN,293403974,"铁道废线,人口从12万降到不到8千,一片萧条!北海道逐渐被遗忘的小城--夕张",506836,北海道旅游
BV1ef421D74T,1205615804,新地区的探险！日本一个人旅行Vlog北海道、小樽,500514,北海道旅游
BV1GC2UB3Edp,115687947311777,中国手里还有一堆牌你让我怎么打😅？日本北海道店家忧心忡忡：不知道这样的情况要持续到何时（2025年12月9日报道）,461466,北海道旅游
BV1eFqVBnE81,115733379946745,一个人，在北海道度过一个电影里的冬天 | EP.2 北海道与富士山篇 | 札幌、小樽、新宿、河口湖、成田 | 4K SDR,429179,北海道旅游
BV1VD9WYvE8b,114105604181913,和白月光在北海道录了第一期也是最后一期【再见伪人】,419859,北海道旅游
BV1nb4y187qQ,634026505,你愿意十年如一日，在这里守望日出吗？｜北海道的单人旅行#2｜Links 4K 杜比视界｜Z9,415143,北海道旅游
BV1ue411Y7xx,239166924,恋爱番·一起去北海道看雪啦🤍.❅‧₊˚,401247,北海道旅游
BV15t421p72r,1800314313,这里是北海道人口第四大的海港城市，但却看不到任何游客。【跨年行#5】,388938,北海道旅游
BV1Uw9oYjEvt,114110637282992,【中日双语】你们日本人这臭毛病也不知道什么时候能好好改改。日媒报道大量外国游客在北海道旅游时将旧行李箱扔在日本。日本民宿老板「我们还得花钱丢行李箱，太迷惑了」,374415,北海道旅游
BV1Fk4y1G7Zp,744172877,在北海道吃顿饭有多刺激,373451,北海道旅游
BV1aJ411L7Ut,82212734,北海道之行白色恋人工厂！帝王蟹随便吃只要8000？太划得来了！,370984,北海道旅游
BV1CS93Y2EBL,114081075830170,《北海道的骂骂咧咧生活》42.0,350393,北海道旅游
BV1jw411J7na,326211108,糖花：欢迎大家来到北海道旅游,348323,北海道旅游
BV1pWAaetEiV,114024385616256,我带着一封情书来到了小樽，北海道一个人旅行VLOG,338435,北海道旅游
BV1SH9GYRETq,114080924898121,沉浸式带猫旅行体验北海道木屋,320909,北海道旅游
BV1Kw411P7i6,278724214,【4K演示片】沉浸式体验冬日北海道美食小城札幌市,307535,北海道旅游
BV1mP4y1S77B,902009676,秋天の北海道（一）在葡萄園看超美夕陽！定山溪划SUP！在町村農場吃超美味的牛奶冰淇淋✨ | 金魚腦Goldfish Brain,305349,北海道旅游
BV14mPseQEr8,114059030564062,普通人第一次去日本旅游要准备什么，去哪儿玩，花多少钱？一次性简单粗暴给你说明白,300163,北海道旅游
BV1oeyNYcEyu,113322057862208,北海道·根室丨偏僻的铁道 只有孤零零的一两节,290962,北海道旅游
BV13PFCecEaB,113933688115716,南方人第一次看雪！一个人旅行VLOG北海道 小樽,277500,北海道旅游
BV1hm421L7Wt,1605620666,闯到日漫里去了！日本一个人旅行Vlog北海道、小樽、札幌,271021,北海道旅游
BV1cdAZeaEny,114041649370260,北海道4日❄️住在雪中小屋、徒步森林、小樽雪灯祭｜芽腿vlog209,264549,北海道旅游
BV1i44y1z7Ex,973350354,【旅行见闻】大量倒闭关门!北海道东最大城市如今竟是如此衰落!,255878,北海道旅游
BV137411p7bh,86565209,【在B站学摄影做视频】自学还未成才的第四部：北海道の冬——北海道旅拍,255010,北海道旅游
BV14N9mYWEvE,114120871448269,六个沙雕齐聚北海道十天！见到了28年以来最大最暖的雪！,253297,北海道旅游
BV12x411H7rq,12882363,本来想去买水，结果看到了不该看到的东西……北海道之旅第二期【札幌】！vlog,243840,北海道旅游
BV13U6ZYoEWV,113754222102476,i人都忍受不了的极致孤独，在日本一个人旅行｜迷失北海道｜4K HDR,243816,北海道旅游
BV1iA9gYFEkJ,114080035641186,北海道1400一晚的温泉酒店，你们觉得值吗？,240981,北海道旅游
BV1DmFoeTEin,113927094534501,旅行VLOG | in日本北海道 | 札幌简直日漫般的雪景….白色恋人工厂|旭川动物园企鹅散步|白须瀑布|青池|北海道神宫……太幸福啦！,235175,北海道旅游
BV1Pm42137c5,1606291659,花1万多在北海道游学旅居一个月，值得吗？,229035,北海道旅游
BV149jVzrEF6,114569645137332,哎呀，你们老中随便破产烂尾我们会很不安耶。北海道滑雪胜地二世谷开发建设如火如荼，却有中资企业开发高端度假村中途烂尾停工，令当地政府和居民难掩困惑。二,227689,北海道旅游
BV1Ppwqe6EGn,113852687587983,也是在北海道拍上这个宅舞转场啦！,221928,北海道旅游
BV1Hj41177xY,451275965,【出行】新日本海渡轮 - 21 小时长途渡轮过夜之旅（带露台的房间）🚢😪北海道小樽→京都舞鹤 | 作者：At JAPAN | 机翻中文,219610,北海道旅游
BV1aeFSzVErG,116044983246411,不听劝的代价！赴日旅游被大雪困机场，不反思还怪祖国不接，真是又蠢又可笑！,214667,北海道旅游
BV1Muf5YgEPS,113878474167939,【中日双语】又一中国女子被日本列车撞死。中国60多岁女游客为拍美景，和老公私闯铁道线路，不幸被列车所撞最终确认死亡。,212365,北海道旅游
BV1Sa4y1U7ZH,663684598,北海道札幌丨大雪,208377,北海道旅游
BV1d44y157DD,978172616,北海道VLOG｜请查收来自小樽的一封冬日情书｜踏上寻找藤井树之旅｜海上列车｜关于冬天该有的样子,200571,北海道旅游
BV1Na411j79u,214937902,暑假上山旅游，被棕熊追杀几乎全灭，恐怖的福冈大学棕熊袭击事件,1947208,福冈旅游
BV176oTBtEoa,116454800235930,中国人终于来不了了！日本人喜大普奔。之前闹得沸沸扬扬的外国人公寓建设计划，在福冈当地居民的疯狂反对声和谣言四起中终于正式宣告流产。,1309402,福冈旅游
BV1KQx5zNEbf,115325844594058,海洋光谱号邮轮旅行vlog｜一人行｜单人内舱房老鼠洞测评｜福冈一日游｜樱花季,1070264,福冈旅游
BV13Kp3ztEbz,115191324871897,水位上升⤴️刚刚好 【柳川下行】 福冈🇯🇵Fukuoka 大受欢迎的柳川川下行（有）城门观光,945192,福冈旅游
BV16T42167Tk,1706386616,来日本一定要做的五件事！越到后面越精彩！,778274,福冈旅游
BV1RzSoY7EnG,113407806345643,终于有人把皇家加勒比天际套房权益讲清楚了，售价三万的游轮旅游你觉得值吗，光谱号游轮全流程记录第一篇,379962,福冈旅游
BV1sKXNYfE3p,114194422759623,VLOG｜超放松日本福冈游｜超多萌物｜大濠公园看鸭子｜美味牛肉饭,357154,福冈旅游
BV1kf4y1q75F,287832923,日本美食| 福冈特色小吃 |海鲜居酒屋，牛肠锅，鸡皮串和踩雷的鸡汤锅,245735,福冈旅游
BV1T7ybB6EZM,115461085859655,日本最佳旅游城市必吃牛肉神店！一个人9000日元，性价比拉满！,228460,福冈旅游
BV16A4m1V7Nx,1100221940,面具吉他手Nacoco日本福冈之行！,221519,福冈旅游
BV1rM411g7Ha,528225610,【中日双语】日媒：中国游客才是真正的金主爸爸，真命天子！以韩国为首的外国人带动日本旅游恢复势头强劲，但缺少中国游客，却依然略显寒碜。日本还特意对比了疫情前中韩两,219973,福冈旅游
BV1GV4y1L7r6,858894516,为了吃一口肉 专门买机票来了福冈,173053,福冈旅游
BV1G1BuYmEVm,113646294274683,日常即旅行｜福冈的自然与都市魅力全体验 福冈vlog No.1,157792,福冈旅游
BV1QC411J7kA,1953948726,五一来日本，如果想远离人挤人，那么日本九州我建议你一定要看～,143200,福冈旅游
BV1xS9wYdEKF,114076244057931,5天4夜国产邮轮游是什么样的体验？不用签证也是去了济州岛和福冈嘞！,136138,福冈旅游
BV17x4y1b764,1005666943,【福冈vlog】这就是为什么日本人那么爱吃福冈美食！生吃乌贼丨博多拉面丨明太子盖饭丨内脏锅,123270,福冈旅游
BV1sX4y1g7hA,714942868,没见过经费这么紧张的航空公司…日本最小航司只有一架飞机 天草航空ATR42-600 熊本-福冈【FBC飞行体验】,120179,福冈旅游
BV1VS421R7fJ,1506086754,福冈VLOG｜被治愈的猫岛之旅🐈｜太宰府半日游⛩️｜药院Citywalk🚶～,119679,福冈旅游
BV1mK421t7wF,1701138687,东亚大陆的交互窗口，日本造反圣地——福冈,118592,福冈旅游
BV1P743zREzx,115361043257894,九州独行 | 去福冈乡下，和高中标记的旅行目的地面基！,113308,福冈旅游
BV1o4411z7jb,65333715,第一期！全日本景点介绍，东京大阪北海道冲绳四国九州大阪京都奈良长崎福冈广岛秋田富士山绝景地,112012,福冈旅游
BV1TNzoY5E3Z,113576534609865,15分钟到市中心！体验日本自由行最便利机场 | 第一视角攻略,111710,福冈旅游
BV1ba1yYfE1i,113265300542488,【出行】单身女性旅行：乘坐“山茶花号”渡轮从韩国釜山返回日本福冈🛳️✨ | 作者：At JAPAN | 机翻中文,110905,福冈旅游
BV1jM4m1m7Qt,1305801028,日本福冈·快闪旅行VLOG｜夏天就是要去海边呀～🌊,109938,福冈旅游
BV1fQuGzBEwp,114834658104301,散心友好，日本福冈不逛景点的旅行。,99128,福冈旅游
BV1dE4m1R71N,1256326630,坐空中绿皮车去日本，到底行不行？春秋航空上海-福冈体验,94077,福冈旅游
BV1U1421B7nq,1554313131,不会日语一个人去日本有多刺激? i人勇闯福冈vlog,92658,福冈旅游
BV1Yi42127mY,1453445951,福冈，三线城建但是日本前排发达城市，九州第一大城市，日本旅游性价比之选，没有摩天高楼的都市，福冈县首府，日本第三大繁忙机场,91319,福冈旅游
BV1czGbzYEE4,114426619436265,韩国人日本旅游竟公然吃霸王餐！？受害的福冈商家表示，手段实在是高明又大胆，店员都没反应过来。韩国游客「这是他个人行为，不代表我们韩国人」,88037,福冈旅游
BV1qM4m1C7md,1304532953,邮轮公司有管理问题？回应网友评论｜MSC荣耀号乱象｜第一次邮轮旅行｜MSC bellissima｜上海｜濟州島｜福岡,87404,福冈旅游
BV1nGGvzLEYD,114431770038850,日本店家：韩国人快还钱！日本店家惨遭韩国人鬼手逃单吃霸王餐。,84478,福冈旅游
BV1ni4y1L7X7,542706572,日本美食|晚秋的福冈出差sp|坐新干线之前我吃了些什么？,84298,福冈旅游
BV1bwDfY5ENY,113446410588857,全日语VLOG|跟着日本女生玩日本-福冈之旅✨果然边走边吃最幸福了!,82048,福冈旅游
BV1yJFFeFENj,113890285327925,福冈第二集两日治愈之旅｜丝岛海上鸟居与南藏院的双重感动,80123,福冈旅游
BV1ph4y1P7rp,618230469,《去福冈度假不幸感染恋猴症》,79362,福冈旅游
BV1jHJAzeEwJ,114522417270788,邮轮旅行🚢免签去日本！福冈—长崎—上海｜六天五晚沉浸式体验～极限8小时逛吃福冈攻略｜海上冲浪🏄模拟飞行（下,77304,福冈旅游
BV1rw9UY5EyR,114122599437208,这可能是我最爱的一家丽思卡尔顿 | 福冈九州旅行,74729,福冈旅游
BV1yb4y1G7q6,622363776,福冈是一个会让人练就“咬肌”的地方,74203,福冈旅游
BV17m4y1e7kY,700082413,日本福冈女警察向外籍女子喊“滚回中国去”，日本人排外有多严重？,73455,福冈旅游
BV135411W7At,455988758,日本福冈的进城日常，逛无印良品咖啡店，日本汉医院，神社，吃吃逛逛的日常-Park的日本日常vlog,71356,福冈旅游
BV1yX4y1y7wm,356047661,日本最长线路客车的VIP包间座位体验｜14小时车程从福冈博多到东京新宿,68426,福冈旅游
BV1UcoCYnEwa,114215763313796,VLOG｜和XG一起过两天｜福冈面包店｜熊本美味寿司｜轻轻的幸福了～,63920,福冈旅游
BV1zrV5zZESi,114438782914112,吃垮邮轮计划失败！从海洋光谱号冲进九州，福冈长崎双城记！,60283,福冈旅游
BV1mt4y1t7NF,983084857,【日本街边美食】福冈摆摊料理吸引不少吃客这又是老板一人经营的大排档,60040,福冈旅游
BV17G411f7Yd,404849497,【中日双语】中国人不再爆买了？曾经财大气粗买买买，如今却人均消费不到10万日元。福冈商家期待中带着失望「中国人变了，他们都不爆买了」,59317,福冈旅游
BV1YB4y1U7Mw,595736193,【渡轮旅行】日本过夜渡轮的胶囊房｜从大阪到福冈的12小时旅程,57542,福冈旅游
BV183hbz4EL9,114957366664885,海上的巨型城市！亚洲吨位最大的邮轮：MSC地中海邮轮荣耀号 上海-济州岛-福冈 乘坐体验Vlog,56482,福冈旅游
BV1iUzyYxEUb,113585879521085,日本福冈原来这么好逛，游轮一日吃逛记，太宰府买买买博多天神city walk -皇家加勒比游轮全记录最终篇,56166,福冈旅游
BV1jp6fYeEge,113753651746134,VLOG｜和妈妈的初次邮轮旅行｜海洋光谱号｜济州福冈自由行｜5天4晚流水账全记录（并没很全）,55072,福冈旅游
BV1aJ4m1H7jZ,1253453879,Hana福冈旅行Vlog上-上海转机吃crave肉桂卷 第一顿吃蘸面 fuglen咖啡店 昭和风喫茶店 豪华明太子盖饭 太宰府一日游 面包小偷盲盒 吃豆腐定食,54917,福冈旅游
BV1t87nzNEHP,114595901541425,【4K】【福冈自由行】『山河旅馆』黑川温泉♨一泊二食 | 房间附私人温泉💖 | 黑川温泉➡由布院交通,54555,福冈旅游
BV1K7G1zQEFK,114420646674661,vlog｜熊本 福冈 久留米 8天7晚全记录｜附地址｜阿苏火山｜跟着五郎探店｜如意轮寺的风铃｜购物分享｜AsoBoy｜日本二手店｜大炮拉面｜辣味增牛肠锅｜牛高达,54425,福冈旅游
BV1kHc7e1Euh,113802641218727,乐游福冈｜和刘恋一起上山🌋下海♨️看椎名林檎🍎,52910,福冈旅游
BV1aeUWYmEKY,113503436282083,逆天！糟面条还超人气，福冈排名第一的乌冬面,51276,福冈旅游
BV1GH4y1p747,1052013598,【渡轮旅行】夜间渡轮胶囊房 12 小时航程｜福冈→大阪｜阪急铁路千川支线,48974,福冈旅游
BV1sNDmYkEeB,113440706266988,日本“名门大洋号”渡轮单人私密房间12小时独自旅行 | 福冈→大阪,48456,福冈旅游
BV1EM4y1u7Pu,931219482,日本福冈vlog，尝试了一个人去了海底捞，日式沾面，网咖探访-park的日本留学日常,48269,福冈旅游
BV1mvnnzrEqM,115276200806739,【日本福冈3天2晚自由行EP1】第一次来福冈，有哪些地方必去？福冈必吃牛肠锅，一定要感受屋台的氛围，超级棒！推荐必去的一家本地超市！｜福冈美食｜福冈自由行,45645,福冈旅游
BV1p5BqYCEFJ,113526102497920,日本福冈县因AI生成的虚假旅游景点及“幽灵美食”致歉,44750,福冈旅游
BV1QT6oBLEpi,115875197748564,日本夜间渡轮的胶囊舱 | 东京 → 福冈,44619,福冈旅游
BV1Tv41147d7,246131106,漫步在日本爱知县名古屋市现代社区,1555205,名古屋旅游
BV1ab421i7uf,1805338028,日本人去名古屋,305749,名古屋旅游
BV14z4y1k7kf,585453448,好吃的鸡翅不需要面包糠！探店日本最有名炸鸡之一：名古屋冷炸鸡,245065,名古屋旅游
BV1ae4y1d7BZ,557636109,名古屋走向全世界的炸鸡翅之王！炸完以后真的可以骨肉分离吗？,201968,名古屋旅游
BV1f7kjY9ELj,113665823020593,一个人游日本 🇯🇵✨ 我去了日本最无聊的城市🤔｜名古屋VLOG ～,157555,名古屋旅游
BV1nb411v7vk,45613670,四代目的鳗鱼饭 名古屋最强鳗鱼饭！！ vlog 吃播 美食 旅游 大胖和软软,153315,名古屋旅游
BV195EwzxEf9,114501361866029,日本3000元一晚的酒店玩得真花啊！名古屋升龙道自驾游,151540,名古屋旅游
BV1mDywBwEfp,115580875047043,旅行日记06_日本_爱知县_名古屋.长久手.常滑,137662,名古屋旅游
BV1FRAdesET3,114040894395498,说实话...日本旅游千万别来名古屋！太无聊了吧,93987,名古屋旅游
BV11bYezTExj,115036404126649,1000元一晚的日本百年温泉旅馆睡前还要玩这个？名古屋升龙道自驾游,92404,名古屋旅游
BV1qxqrBTESL,115751885281020,日本人评选的最无聊的城市-名古屋市，这里物价低廉，我在商场吃了鳗鱼饭，价格比京都便宜1/3,92369,名古屋旅游
BV1UYLHzPE93,114398618191924,日本旅游必学技能，吃饭预约不排队！,75952,名古屋旅游
BV1kEKNeoEwW,114002122248188,【名古屋必游】2025年最新！一定要去的名古屋美食与景点一次看,73998,名古屋旅游
BV1kk4y1379A,744148460,【名古屋vlog】全日本最长的炸虾能有多长？绝对超乎你的想象！,66454,名古屋旅游
BV1uJfcBvEzz,116114323409981,日本社畜 在名古屋过年Vlog 2026！,64327,名古屋旅游
BV164YDzkErP,115064640116451,如何体验到最地道的名古屋？,62943,名古屋旅游
BV1afqJBNEs2,115739537249898,中国人店员「我们只是在日本过着普通的日子」，中日关系遇冷波及名古屋，每年举行春节祭遭延期，麻辣烫、东北烤冷面、中国食材店的进口纷纷受到影响。,62850,名古屋旅游
BV1n541127Ga,468704852,【名古屋旅行】当年日本第一游廓如今成为了soapland聚集区,62746,名古屋旅游
BV1hnE1z3EVx,114512183171040,名古屋 | Nagoya，日本制造的心脏，丰田故乡，古城与工业的交汇之地,55887,名古屋旅游
BV1ZLn8zjEnP,115264138057511,在名古屋跟京都人发生了车辆剐蹭，等待结果中..,55777,名古屋旅游
BV1yu4y1t7jk,918347558,日本名古屋——真实的日本乡下 微风、田野和斜阳依在,55269,名古屋旅游
BV1kgA5eVEER,114014151511918,[4K] 12天日本旅拍暴走 爆肝200小时极致踩点！「东京+大阪+富士山+名古屋+奈良+镰仓」航拍与部分画面来自Pixabay与Videezy~,54395,名古屋旅游
BV1ZSfPYwEMm,114266850003253,公费旅行 富士山打卡 名古屋是无聊的旅行城市？,53970,名古屋旅游
BV1EwkQYQENS,113686895137681,又爽到！主包的名古屋推し活vlog,53694,名古屋旅游
BV1HX4y1G7Bt,714833722,【210329周一熬夜看月曜】男大姐Homo惠桑为你安利名古屋的旅游景点。,53605,名古屋旅游
BV1WN4y1v78B,878575144,名古屋..日本旅行最无聊的大城市？老司机带你快速攻略,49603,名古屋旅游
BV1KCnCzvEpn,115291803619523,我一口气坐了10个小时电车，就为了一个十字路口？ |  日本geoguessr随机旅行S01E01,48639,名古屋旅游
BV1Pu4y1L7hn,918982755,两个弯弯神游名古屋🤪看猫又吃鳗,48507,名古屋旅游
BV18C4y1p7ev,795803899,在日本的新干线上丢了一个包会怎样？｜东京最新打卡地标PARCO｜任天堂 ｜超梦合影｜名古屋｜VLOG #24｜哒哒在这儿,47934,名古屋旅游
BV1s3411G7Vj,427281449,【日本美食】名古屋这家中华料理店的人气巨大叉烧，老板娘说越卖越亏的店,47241,名古屋旅游
BV1Dm4y1j7T3,701065374,【又露脸了】玩了三天睡了三天 | 东京大阪名古屋 | 算是旅游VLOG | 我觉得封面挺好看,46737,名古屋旅游
BV11Xe3zLEaq,115061905425881,新开业老板巨亏福袋开箱，谷子5元，手办也5元，名古屋和大阪扫货天堂！,45798,名古屋旅游
BV1Jj421X7J6,1650573154,【中日双语】日本记者采访日本旅游的中国游客，打听他们的旅游感想。中部机场「今年中国人还不够多，期待明年了」,45623,名古屋旅游
BV1eT411S71c,481835862,【4K】日本名古屋——真实的日本乡下，微风、车铃和斜阳依在,45368,名古屋旅游
BV1TW411w7i2,24686860,【航拍】爱知县 名古屋市 日本第四大城市8K风景,45060,名古屋旅游
BV1zJvDeRE2a,112879659386906,机翻熟肉 和Velvet小姐姐一起游名古屋陶艺村,44809,名古屋旅游
BV13A4m1P7Ai,1102072246,《名古屋自由行》新手攻略大全！交通、景点懒人包！,42603,名古屋旅游
BV1LK1jBpE1x,115473970629798,名古屋进东京出，4000预算，入境篇,42129,名古屋旅游
BV1A4VJzCEQJ,114442037629688,和网络上认识的樱花妹面基！日本一个人旅行Vlog ｜名古屋,41625,名古屋旅游
BV1bcjnzcEja,114556978339004,本年度狠人出现，普本+旅游签+网吧备考，上岸3所日本TOP校,39957,名古屋旅游
BV1c7411Z7eD,96806980,日本京都街头美食——日式炒饭,4108625,京都美食
BV1d24y1y7dp,690317577,寻找日本最老寿喜烧，不好吃它就完了,1779113,京都美食
BV1tzfhY9Exo,113872132445430,拥有50年历史的日本顶级布丁大师制作的原创巨型布丁 ・店名 ヘッケルン ・住所 東京都港区西新橋１丁目２０−１１・菜单 咖啡布丁套餐 900 日元,1376081,京都美食
BV1Es421G71w,1855157337,在日本逛超市…居然发现了水馒头,1345302,京都美食
BV1Tw4m1v72H,1105473832,《八岁食神》年仅八岁的小孩儿哥，竟然带领清北两校校花堵在了京都农业大学门口,1154010,京都美食
BV1UJ411R7JQ,76571983,京都奇遇记！听日本老汉吐槽日式婚姻，相伴三十年的哲学竟然是...,1152245,京都美食
BV1vXcxe4EuH,113807724715612,荣获鸡尾酒奖的日本最佳调酒师的令人难以置信的壮举！  店名：BAR CENTIFOLIA 住所：東京都港区麻布十番1-6-5 ラミューズ麻布十番ビル 6F,1015315,京都美食
BV1aV2HYqE8R,113272212822568,日本最受欢迎的布丁，全世界粉丝蜂拥而至【新橋 ヘッケルン】⁡布丁大师制作的精美布丁咖啡布丁套餐700日元（含税）⁡東京都港区西新橋1-20-11 安藤ビル1S,918576,京都美食
BV1W7xUzxEFR,115330391219410,甘鲷立鳞烧源自日本怀石料理的传统菜肴【店名】神楽坂ココチーノ ，神楽坂駅【地址】〒162-0825 東京都新宿区神楽坂３丁目1−１５ シャトー寿寿 1階,905452,京都美食
BV1SmJazuE3h,114540536733471,创业222年的京都骄傲的老字号日式糕点店制作的绝品羊羹！【亀屋良長 本店】◎羊羹540日元创业222年的京都骄傲的老字号日式糕点店制作的绝品羊羹！,902055,京都美食
BV1MJCZYtE6h,113335127245607,秘探日本京都頂級懷石料理，5萬日圓吃兩個半小時，到底吃了啥？,897192,京都美食
BV1Dr4y1h7af,766412136,今天跟户村打卡京都老爷爷蛋包饭，感觉不是来吃饭，更像是来看了一场表演，很有能量的爷爷。,817084,京都美食
BV1qFyrYcEZu,113361803150186,日本京都6500元蒲燒鰻魚飯vs 1500元鰻魚天丼，哪個香？,731602,京都美食
BV1xh411d7U5,201667667,制作世界上最好的巧克力！日本一流的巧克力工艺！可可京都【DELI BALI】,720122,京都美食
BV1A5cweKE5W,113808278360228,剧烈旋转的三色圆麻糬！酥脆香浓，让人无法抗拒【Marumochiya：京都】,711068,京都美食
BV1gR5DzUEun,114379676716949,京都🇯🇵店员说她打抹茶很厉害。。让我拍一下,666977,京都美食
BV11GGXzMEiJ,114424639659978,巨大冰块鉄板掃除 パーフェクトビアラボ 東京 (ビールとハンバーガーの専門店) 門前仲町駅 〒135-0047 東京都江東区富岡２丁目１０−１ 梶本ビル 1F,665183,京都美食
BV1Fu41177v6,530816968,在日本顶级和牛吃到饱，到底要花多少钱？,653679,京都美食
BV1uGn6zFEwi,115287877816352,日本京都有名的年糕,626768,京都美食
BV1wh41177Gd,227956325,每天用掉3000条鳗鱼，京都街头的高人气鳗鱼厚蛋烧饭,608487,京都美食
BV1QF41167dx,275619502,京都顶级的神户牛松阪牛和黑毛和牛 现场烹饪和品尝 ，看的人直流口水,590383,京都美食
BV1AY4y1x7JE,639652815,【日本美食】京都这家乌冬面馆的厨师提供口感极好的乌冬面厨房全程拍摄,479979,京都美食
BV1qR4y1h78v,350921983,在京都不看舞妓也可以吃香香的平价烤串！先斗町好地方！,478626,京都美食
BV1jR4y1G7VP,339479069,【日本美食】京都的日本第一的烤鳗鱼店一天3000条鳗鱼的销售记录,417758,京都美食
BV12eaozMEC3,115167618665864,日本京都著名油炸，到底好不好吃？,401611,京都美食
BV1Ec4bz8Em2,115371478751074,今天吃：京都琥珀糖  省流：只有宝石的好吃,397953,京都美食
BV11Z421T7Yb,1156253215,丸之屋（Marumochiya），京都的丰满水圆年糕！,397935,京都美食
BV1jE411E7Ak,92922588,可可京都COCO KYOTO纯手工巧克力制作过程,393681,京都美食
BV1Lb4y127LY,632938001,在京都山区深处的怀石料理plus，鲇鱼究竟做错了什么？,390814,京都美食
BV1ydYqzLE16,115038702538936,日本社畜京都出差篇！跟山一样的天妇罗和炸芒果？！,390428,京都美食
BV1GY4y1J7aW,643233790,这顿才人均200！？疯了吧！,388354,京都美食
BV1d84y1a7pz,607575833,终于等到满分店！嗦完这碗2022就圆满了，京都我爱你,384624,京都美食
BV1ME411T7re,94945618,京都卖90块一碗的刨冰，我竟然5分钟就复刻出来了！,383923,京都美食
BV1EZz6BVEbV,115949051059470,在京都喝一口水要30块?我尝到了网红水馒头,383796,京都美食
BV1Lz4y1x7jn,573867683,京都满足学生的小餐馆,368451,京都美食
BV1vbUxYfEyr,113504593903981,日本社畜吃点啥？日本料理在让人两眼一黑这点上从不让人失望,363512,京都美食
BV1bN6JYkED7,113746773021096,传承百年，号称日本京都第一烤鳗鱼，真的这么好吃？,332653,京都美食
BV1jT4y1p7tT,923449982,京都超人气西餐厅的白蛋包饭的做法🍳 柔软的白蛋包里面隐藏着厚厚的蛋黄！,330927,京都美食
BV1GzRgYbELu,114136121876356,京都大学已经被中国留学生占领了😋：为什么这里到处都是中餐馆？羊肉锅辣得日本记者大汗淋漓（2025年3月7日报道）,317650,京都美食
BV1dz4y1i7PP,571785575,【4K】巨肉！ 大炸鸡和炒饭！东京都「麺飯店 俵飯」餐馆美食探店 | 作者：MOGUMOGU,315181,京都美食
BV1JR4y1X7Vf,346605220,日本女友特地带我从京都飞奔到大阪就为这个…,314382,京都美食
BV1Cu411v7hd,510188049,😂这日本老奶奶太牛了，80岁现役铁板烧职人！,312482,京都美食
BV1Lx411t7Aa,13986666,【日本美食纪录片】京都料理 四季的飨宴 （中日字幕）,310314,京都美食
BV11fywBdEAm,115580841497175,这是牛牛最害怕的一集 京都人惨无牛道,309385,京都美食
BV1hd4y1i72G,388915317,粉嫩叉烧！背脂和葱拉满的辛味噌京都拉面！,301424,京都美食
BV1wV4y1y7YX,870096760,京都老铺抹茶生乳卷｜超浓厚茉莉奶油配方,296748,京都美食
BV14BpyzyEc8,115212850038460,在7000日元1个人的日本和牛专门店畅饮，吃到无比好吃的极品牛舌！,296341,京都美食
BV1AK4y177Dz,885427663,京都排名第一的亲子盖饭，秘诀竟然是一味调料？,285345,京都美食
BV1tw411H7bY,323497335,上海排队三小时的日式拉面？！京都一乘寺豚人的日本老板真是拉面冠军？,285037,京都美食
BV1uU411S74Z,1906445835,来自中国的仙药☞京都念慈庵,280253,京都美食
BV1y441187Kb,50427255,台湾肯德基新品京都抹茶云朵蛋挞会好吃到飞上天吗？自己做不就知道啦,279173,京都美食
BV1D94y1P7VB,367081184,中国胃在京都怎么吃？,272174,京都美食
BV1m34y1u7qT,832098244,日本京都排名第一的和牛烤肉价格这么贵！到底有什么好吃的啊？,271280,京都美食
BV1u741157VV,88142424,【愧于是】日本旅游 | 旅拍vlog | 镰仓东京横滨 | 大阪京都奈良 | 河口湖富士山 | 关西关东 | 涉谷新宿 | 新海诚你的名字 | 美食 | 动漫,264447,京都美食
BV1vJ4m1V72u,1252955552,日本社畜吃点啥？京都赏个樱花妹顺便搞一碗75元牛骨白汤叉烧面！,251514,京都美食
BV1aB4y1Q7tp,597372107,“迷失”在京都的抹茶世界，抹茶控受不了啦…,248873,京都美食
BV1Sj411S75U,445318976,在日本京都吃路边摊是什么样的体验？,248055,京都美食
BV1hP411T7wb,305685499,日本90岁老奶奶店长，做大阪章鱼小丸子一做就是70年！？,3451071,大阪美食
BV1Adh1zhEpf,115105358421610,日本大众澡堂！靠一碗面条火了60年，到底是啥味儿？,3384102,大阪美食
BV15i4y177jn,542550079,尝试日本爆红的泡面新做法，泡面大阪烧真的好吃吗？,2749783,大阪美食
BV1JM411i7fA,523630410,【4K】巨肉！相扑选手的特制厚切猪排盖饭：大阪「かつ丼ちよ松」道頓堀本店美食探店 | 作者：MOGUMOGU,2102341,大阪美食
BV1wJGCzkECR,114420059473922,神仙打架！大阪烧速食赛，冠军2000元券，高手对决碰触怎样的火花？,1938644,大阪美食
BV1ov411e7F9,246639587,【街头美食】日本｜神奇的手工糖果+ 大阪什锦煎饼,1735928,大阪美食
BV1wYorBwEaC,116475838991315,新干线三小时到大阪，三代目86年烤鳗鱼,1676121,大阪美食
BV1nh411A7QV,230501714,😱日本宅男爱吃的路边摊，真的太可怕了！,1631700,大阪美食
BV1BcsUzVEeF,115446221116157,阿宅们的御用拉面店？大阪拉面庄刻下历史 超绝二郎系拉面,1519825,大阪美食
BV1wE411W7fy,94349774,日本大阪街头美食-御好烧,1514136,大阪美食
BV1vb411c7kf,35554792,从大阪学回来的【大阪烧】在家轻松做，简单又正宗！,1414279,大阪美食
BV1djhtzPEV2,114957970639468,第一名2000元奖券，大阪烧速食比赛，看到大韩同学就知结局！,1314468,大阪美食
BV1Ls411H7dr,26666387,【大阪烧】看日本师傅当面给你做最正宗大阪烧！,1243388,大阪美食
BV14p4y1u7e9,959621029,😂日本宅男吃天价水果自助，真能吃回本？？,1143326,大阪美食
BV1hZd2BWEki,116441697489158,挑战大阪最火拉面！肉叠成山，我们能成功吗？,1110655,大阪美食
BV1gx411b74u,14133662,早餐吃了一块10000多的牛排，看完弹幕怀疑自己被坑了丨大阪美食VLOG,1060085,大阪美食
BV1HL4y1W7A3,849598798,😂第一次见面的日本老大爷，竟然叫我继承他的家产？！,1012702,大阪美食
BV1XLbazYE7y,115020818027866,大阪天价烧鸟！8串450元！到底是啥味儿？？,1004945,大阪美食
BV1fm4y1C7AY,698267769,痛失第二名！再次与日本选手比赛吃大阪烧，与粉丝携手共获大满贯！,1000066,大阪美食
BV1LESqYFEge,113394736695290,大阪兩天兩夜9家店！巨大拉麵，和牛燒肉，炭火烤串，哪個香？,937693,大阪美食
BV1gYLyzYESt,114414237784792,满满一整只章鱼的奢华章鱼烧  在大阪超人气的这家章鱼烧店，可以吃到满满一整只日本章鱼的奢华章鱼烧,919816,大阪美食
BV1cq4y1b7UL,594272514,大阪网红jojo拉面，老板是真jojo奇妙冒险的真粉丝，兴趣发展成职业……,908642,大阪美食
BV1R34y157QK,812616149,动漫美食还原~跟着蜡笔小新学做大阪烧，外脆里糯太好吃啦！,899900,大阪美食
BV1Kea3zrEoZ,115138577309101,沉浸式体验日料厨师长上班，为了工作都会吃什么东西【大阪烧】,884975,大阪美食
BV1gkQcYREpZ,114153050150479,“我完全吃不出中国的包菜究竟有啥区别啊？😅”日本这下尴尬了：大阪烧专卖店作出了一个重大决定（2025年3月12日报道）,859048,大阪美食
BV1PGabzSEjR,115151277658174,日本大阪网红JOJO拉面店！我将以承太郎形态出击探店！,857454,大阪美食
BV1yfU8YREUP,113490903761333,挑战日本奇葩自助餐，大阪烧自助！,836180,大阪美食
BV14sZqYeEgc,114250022393806,探索日本网红拉面店！超人气拉面馆，真的好吃吗？【大阪篇】,828089,大阪美食
BV1Ys411W776,7157826,大阪名物！百年老店自由轩的超人气咖喱饭丨绵羊料理,824036,大阪美食
BV1dDt5zQEp6,114973019739072,北京大阪烧速食比赛 太猛了！观众直接看傻了,786065,大阪美食
BV1M8EfzkE6m,114538171077543,日本社畜吃点啥？嘌呤拉满碳水爆炸，关西百名店60元极浓豚骨拉面,761398,大阪美食
BV1Wnh7zDECS,114951326795299,日本社畜吃点啥？一日三餐两顿预制，这辈子有啦👋🏻,745075,大阪美食
BV14P7fziEGW,114499147272404,探访某书推荐大阪必去关东煮！到底好吃吗？,744396,大阪美食
BV1Xm411R7jY,1902039759,日本社畜吃点啥？80元1.5kg爆香碳烤猪肉饭，给小日子一点小小的中国震撼,729048,大阪美食
BV1EsPeebEr7,114064181171826,日本社畜吃点啥？不打相扑做猪排，125元爽吃一顿大阪第一超厚炸猪排！,710861,大阪美食
BV1eo19YYEm5,113254831490517,牛腰肉在大阪越来越受欢迎,697120,大阪美食
BV1rW411X7Ky,29673044,大阪街头-大触脚章鱼小丸子，看饿了,688880,大阪美食
BV1YE421K7WM,1653492917,你好可以去你家给你做饭吗？第二十八顿饭-第二十二家-大阪宅男,687118,大阪美食
BV12bKWzGE9m,114727418074641,日本社畜吃点啥？半价不拿非人哉，对不起我真的吃不下了,686819,大阪美食
BV1JsDzBTEXb,116366686361781,探索日本网红拉面店！超人气拉面馆，真的好吃吗？【大阪】,658801,大阪美食
BV1gXs5z6EmP,115424024855867,日本社畜吃点啥？野怪不够野区来凑，这波？这波是苍蝇子打野,656397,大阪美食
BV18U4y1o7xt,682141210,大阪的肯德基自助，全球好像就三家，今天咱们去尝尝看～,655697,大阪美食
BV114411j7n9,53140183,"【孤独的美食家】食材用料十足的特供大阪烧",654649,大阪美食
BV1jeXMB2EcN,116301473255436,日本社畜吃点啥？不愧是预制菜大国，管它好不好吃什么都能来两下子😅,651135,大阪美食
BV1Wx4y1x7Bd,1006117495,大阪西城区，日本著名的贫民窟，动物内脏的吃法也与众不同！,648395,大阪美食
BV1DgcXzJEWE,116204920380991,日本社畜吃点啥？我真的很难用一摊来形容一份食物😅,637954,大阪美食
BV1b94y1G7wb,365459931,日本贫民窟底层生活现状，几十元挂壁房几元挂壁饭竟然长这样？！,629671,大阪美食
BV1ZG7azLE7E,114619205033567,日本社畜吃点啥？对不起痛风，不要再给我的嘌呤打电话了,629561,大阪美食
BV1A2516zEnV,116566737819802,大阪最坑的海鲜市场！挑战1万日元不被坑，到底能成功吗？,627183,大阪美食
BV1x9rfB1Epp,115899524716557,日本社畜吃点啥？宛如末日生存，苟且偷生又活了一天👋🏻,623574,大阪美食
BV15QsEzoEzq,115427850060907,日本关西重口拉面代表！又油又咸食客缺络绎不绝！肉蛋油葱直接拉满太爽了！,603429,大阪美食
BV1X8411a7Vy,219534122,徒手烤肉？！日本路边摊惊现无情铁手！社牛老爷子的背后，竟藏着不为人知的秘密...,594953,大阪美食
BV1kL3yzgEdb,114811522258151,日本社畜吃点啥？对不起，我再也不进奇奇怪怪的餐厅,589941,大阪美食
BV1Xf4y1v7bu,287966486,安倍晋三在大阪吃炸猪排串，店主人警告他不准蘸两次酱,579610,大阪美食
BV1Nq4y1v7o3,594906622,当日本人吃韩料，他的评价是...？,15314949,日本美食探店
BV1jf4y1i7da,288043736,冬天吃日式烤和牛，我的心是暖暖的，你呢？,10241404,日本美食探店
BV1dHTizbE1V,114653564769078,在日本，吃牛肉饭代表你很穷？实际探店带你看日本的穷人餐厅都是什么？,9750963,日本美食探店
BV1dA411R7c7,308149376,美食探店TOP？越看越饿的下饭神剧《孤独的美食家》第一季大合集！让你一次看得够,9498427,日本美食探店
BV1eJ411v7EG,78556319,试吃人气第一的日本火车便当，会比高铁盒饭好吃吗？,7859426,日本美食探店
BV1wJ411e7c4,80873007,湖南妹子在日本挑战最辣拉面，被当地学生偷拍,7415049,日本美食探店
BV1KU4y1f7Ai,681961274,美食博主踢馆被4个大厨认出，竟然当场被呛？！,7169000,日本美食探店
BV1JB4y1N78W,589071638,相扑餐一般人还真吃不了！,6916325,日本美食探店
BV1j3411p7Vj,424972729,4000多的高端烤肉外卖，你真的把顾客当猴子耍？,6654118,日本美食探店
BV1k7411w7jx,90629382,为了拍视频，美食up在日本狂吃一整天，工伤长胖不敢上称,6183438,日本美食探店
BV1Hj411R7Fo,446203048,和牛烤肉店的服务员为什么要这么帅啊？,5898715,日本美食探店
BV1gX4y1T7mS,713789047,日本最便宜生鱼片自助？100元一位各种鱼肉随便吃？男子吃完才发现原因...,5217168,日本美食探店
BV132MTzCEbC,114674469182229,日本必吃的荞麦面馆，更科的极速传说 丨 店长日记plus,4480414,日本美食探店
BV1JV411Q7bJ,411693676,日本的流水素面，想着很美好，实际很尴尬！没有第二次啦！,4477611,日本美食探店
BV1CZeCzwEFe,115099486396290,最应该滚出中国的食物....,4349324,日本美食探店
BV1yR4y1u7Vc,337967052,日本巨大金枪鱼熟成28天，极致的海鲜风味重磅来袭！,4107065,日本美食探店
BV11v4y1h7wy,567950884,日本5小时自助狂吃10轮菜和30多杯酒水!老板以为来砸场子呢....,4052273,日本美食探店
BV1Ra411V79k,217172614,日本 朝日自助啤酒机有点意思,4007173,日本美食探店
BV1Vg4y1X753,833578712,日本人为了把你不想点的小菜卖给你有多拼？,3902577,日本美食探店
BV1HX4y1u72y,713165714,4000日元一位的高级寿司自助，90分钟随便吃？男子想吃回本，结果…,3802954,日本美食探店
BV16e4y1T7DY,648632805,日本的相扑是来源于我国！你们知道吗,3724832,日本美食探店
BV15f4y1D7mG,287136979,4000日元一位的生蚝自助，中国男子竟为补身子跑去挑战？结果…,3540643,日本美食探店
BV11V411z7Ry,414130118,15000日元一位的日本烤肉，就因为这道菜排队排到爆？男子试吃完后说…,3507839,日本美食探店
BV1dH4y1B765,963331887,日本人一天工资挑战吃萨莉亚，我能把这钱花光吗？,3495076,日本美食探店
BV1S5411h7DU,456404546,终于等到肯德基自助了！小伙5分钟吃回本，吃完还觉得没发挥好……,3461628,日本美食探店
BV1Ftm1BUECT,115722810427848,打卡著名偷吃长的日料店！698元一人omakase店家上啥我吃啥！,3428625,日本美食探店
BV1aoMizbE9k,114692420802854,日本第一便利店vs中国第一便利店！到底谁更好吃？,3419023,日本美食探店
BV1Zq4y1F7vx,551251350,肯德基在日本是什么样子滴，太脆了,3409116,日本美食探店
BV1PE41117WX,73281570,中国男子在日本试吃爆火痛风锅，吃完一锅他竟…,3285676,日本美食探店
BV1JmaazpEHo,115152955380942,第一次去日本一个人怎么玩！七天自由行，好吃又好逛！,3272510,日本美食探店
BV16r4y1E7fC,770891419,当中餐特厨碰见日本料理，究竟会摩擦出怎么样的火花！今天带你一探究竟！,3191688,日本美食探店
BV1bh4y1j7dR,615843578,"来日本便利店干饭了,真的有那么好吃吗?",3181494,日本美食探店
BV1oc411M7Fn,272508667,日本网红拌面，配菜只有一颗生蛋却能天天排队？男子排完队却说。。。,3181189,日本美食探店
BV1Pm4y1S7p5,678318465,日料界的“迪士尼”？创意和口感真是别开生面,3126122,日本美食探店
BV1RG411i7wj,409104107,日本烧鸟自助能回本吗?2h狂吃几十品菜加酒水，老板以为来砸场子了...,3088912,日本美食探店
BV1kmStYEEHX,113389653264786,参加日本人举办的拉面比赛，第一奖金2000代金券，能把冠军留在中国吗？,3066530,日本美食探店
BV1812mY6Ec9,113287396072065,日本大胃王寿司挑战！100盘寿司，普通人挑战到底啥体验？,3040562,日本美食探店
BV13M4y1u7dY,931199211,五郎探店川菜馆，第一次吃辣还以为自己中毒了，辣劲超足的无汤担担面《孤独的美食家》,3009928,日本美食探店
BV1Wt4y1P7R8,985861072,终于！日本疫情期间倒闭的炖肉饭重新复活！800日元极致快乐！,2990967,日本美食探店
BV1jc411s7gM,283918983,日本的关西煮是怎么背刺你的,2970876,日本美食探店
BV1p4411P7F3,55442104,日本的水果有多贵？中国男子在日本买了个瓜后说…,2911294,日本美食探店
BV13T41157Xp,469914123,😂日本回转寿司抽扭蛋，让人怀疑人生！,2893201,日本美食探店
BV1Mt4y1n7n5,984764477,日本什么时候才能懂水饺才是天下第一,2867409,日本美食探店
BV1Yb4y16726,631820490,挑战日本相扑餐厅！一般人真的吃的下吗？,2809901,日本美食探店
BV1x14y1z7Lz,786455803,挑战日本街头最分量小吃！160元一大碗，肉都溢出来！味道如何？,2783257,日本美食探店
BV1tJ5jzyEb3,114358839415884,去关东煮的发源地…日本静冈！正宗的关东煮是什么味道？,2770742,日本美食探店
BV1ZAiZYXEsR,113599972382390,在日本排队一小时才能吃到麻辣烫？人均一百元起！！,2769928,日本美食探店
BV1hY411t7D8,253689468,实锤了！日本的自动贩卖机里原来真的有人...,2748515,日本美食探店
BV1vg411d7j4,511716937,"【日本街头美食】福冈移动拉面炒面摊位,老板每天辛苦💦工作",2730107,日本美食探店
BV12v411Y7yz,246939523,挑战日本“世界第一辣”拉面！,2666518,日本美食探店
BV1W3411R7wA,435801456,美食探店TOP？垂涎欲滴的下饭神剧《孤独的美食家》第二季大合集！让你一次看得够,2609534,日本美食探店
BV1KN41167us,489860025,25000日元1人的中国菜omakase？男子吃完这样说……,2606635,日本美食探店
BV1yr4y1M73t,770488862,日本惊现“雪糕刺客”？！奇怪的知识又增加了...,2598278,日本美食探店
BV1C44y1a7c1,977250045,居然有人挑战成功705碗！吃完人差点没了,2580781,日本美食探店
BV1sE421P7wE,1656214173,探访日本肉饼自助！电视节目推荐的店，到底好吃吗？？,2531452,日本美食探店
BV1Q54y1e7UM,841906629,男子吃了20多年鱼，竟都吃错了，这才是鱼的正确吃法？试吃日本金枪鱼料理,2510130,日本美食探店
BV19X4y1a72E,358420775,"朋友要吃日本便利店,真的有那么好吃吗?",2504919,日本美食探店
BV1m34y1C78t,809143326,凌晨五点和日本人抢位置才能吃到的超厚豪华猪排饭？一天限量供应36份，妹子竟然...,2485072,日本美食探店
BV17Tz2YAEwF,113587171429051,探秘日本最便宜的超市，100元能买啥，帅小伙来看看！,2476934,日本美食探店
BV18F14BTE5b,115497609732079,日本清水寺“怪事”，96公斤只是个拐杖,559143,清水寺
BV1wk4ee4EQS,113114741740247,这就是我的回答……,477159,清水寺
BV1nmmYBjEmn,115715780713067,熊熊回应日本年度汉字,428666,清水寺
BV1jp4y1F732,959437680,【红修篇2.0】灰原哀挂件被画歪的眼睛想表达什么？清水寺还有哪些秘密？天狗的意向和护身符！以及在伦敦未完的暗号！,423648,清水寺
BV1q91HYLEtq,113372053898961,圣地巡礼！温泉酒店！吃吃喝喝逛日本!  (上),383716,清水寺
BV1hM4m1C7S2,1304543310,京都VLOG｜28岁的独自旅行🛫｜清水寺下咖啡厅的奇遇｜吃到撑的烧鸟omakase｜意外的汤咖喱｜南禅寺孤独的红枫🍁,279003,清水寺
BV1vc411x7HD,284146536,"VLOG🇯🇵｜INFJ的独自旅行, 在日本关西的六天五夜, 记录喝过的咖啡, 大阪一日特种兵行程, 京都citywalk, 晴天下雪的清水寺, 神户咖啡店",256165,清水寺
BV1mKLzz1EMe,114409489829106,Arin 2023年 VLOG！晚夏假期，京都清水寺之旅,252128,清水寺
BV1YMC2YKE9s,113327778826155,如何去柯南中的案发现场？日本二次元旅游攻略！东京大阪圣地巡礼！（含数码宝贝&amp;灌篮高手）,238266,清水寺
BV1PW411E7BR,19412412,日系新奇建筑便利贴，竟能撕出一座清水寺,231851,清水寺
BV1QR4y1m7Lv,349926315,❄️京都的雪真的好梦幻，优美而宁静！,220966,清水寺
BV1FDWtzxEma,115395671367160,日本清水寺举铁杆各国壮汉都试了！最后一生要强的中国男人举起来了！全场最靓的仔！,220164,清水寺
BV1Y6zLYuEfz,113567844074131,一人游│京都最经典一日游路线体验如何？谁是宝藏谁是坑？│京都│日本篇Day3,209317,清水寺
BV1hm3jzyEuu,114794594043256,旅行VLOG | in日本京都 | 清水寺、鸭川、伏见稻荷、二三年坂…..五人组夜骑京都！鸭川追日出！青春万岁～,185720,清水寺
BV1Cs411G7sG,26047775,日本必去的梦幻世界！日本小姐姐路上微信扫码扫出什么鬼！！！『kei和marin』,184965,清水寺
BV1GS421o7tK,1505978583,京都详细旅行攻略：地图 行程 交通 住宿 购物 |清水寺|岚山|伏见稻荷大社|金阁寺|银阁寺|锦市场|二条城|三十三间堂|永观堂|南禅寺|哲学之道,177867,清水寺
BV1v32vYjEzw,113297798142157,日本旅行VLOG 130｜京都5天4晚｜日本vlog下｜随意的日本吃喝玩乐｜夜晚的清水寺·永观堂·伏见稻荷｜抹茶的宇治｜深夜买打折寿司｜很惬意放松的京都,166498,清水寺
BV1D94y1n7gR,366039238,【4K HDR】日落时分漫步京都  黄昏下清水寺  氛围 放松,165764,清水寺
BV14b421v79g,1805622257,京都，真的会奖励每个早起的人！京都三日｜清水寺｜三千院｜鸭川,154953,清水寺
BV1J7rHYKEM9,113767392220171,京都VLOG｜去宇治 看夜枫 东福寺的通天桥 清水寺的傍晚 还有哲学之路的小鸭子｜28岁 正是喜欢和阳光玩耍的年纪...,152521,清水寺
BV1jb411k7DN,42252380,【摄影养成邪会】拒绝游客照！动漫感的自拍摄影是怎样炼成的——日本大阪&amp;京都实战走起！丨小墨与阿猴丨摄影丨教程,145312,清水寺
BV1QbC9B5EvS,115558712351367,星穹铁道你的兵！当我在清水寺出遐蝶,139153,清水寺
BV1VT4y1H7wZ,923763523,【4K演示片】沉浸式体验日本京都大雪,130915,清水寺
BV12GCbYzE4j,113729391826211,不愧是新兰世纪之吻的清水舞台🍁,130138,清水寺
BV1tL411T74m,466825277,佐藤大为清水寺设计不能走的楼梯，这真的不是特效图吗？！,127275,清水寺
BV1QJ411G7xZ,82709793,京都超美和服体验，一定要带女朋友去！,123818,清水寺
BV1Fc411t7zx,283409446,京都攻略｜五天四夜就醤玩｜伏见稻荷大社｜岚山｜清水寺｜奈良｜金阁寺｜锦市场｜四条河原町,118376,清水寺
BV1z4411C7KK,67102513,【阴阳师】3周年庆日轮之城神似 日本佛教圣地清水寺？地图出现神秘剪影：SP两面佛？！,116882,清水寺
BV1ccJMzWEEP,114525873377407,【日本】关西7日游Ep1|京都必打卡景点一日游攻略|清水寺|金阁寺|八坂神社|京豆腐美味惊喜|清水道甜品小吃不停嘴|胜牛黑毛牛炸牛排油香软嫩|屋台筷子卷意外好吃,114153,清水寺
BV1ESHZe3EXU,113094760077670,Vlog23｜漫画里的京都 拍到了日剧般的画面 🎐奈良的雨能冲掉一切焦虑🍃🍂夕阳下的清水寺 还吃了好多好吃的🍜🍱 鳗鱼饭 拉面 便利店小吃 …,113969,清水寺
BV1Ljq2BUEGo,115755072948184,我难道在这座千年古都里，遇到了结界？「中国城市测评」,112823,清水寺
BV1p6tjzMEz9,114973707669635,【京都】这里比清水寺更值得去！｜性价比超高的酒店、抹茶爱好者的天堂、二手店逛到腿软、京都买买买 【日本京都自由行】,112025,清水寺
BV1H54y1t78H,843226056,【京都vlog】跟我去京都玩！施工了3年的清水寺变成什么样了？,109306,清水寺
BV1Hp421d7hy,1850687872,🇯🇵关西vlog｜一人行/京都清水寺/伏见稻荷/八坂塔/下鸭神社/大阪梅田/在奈良公园喂小鹿/东大寺/新干线,104978,清水寺
BV1TZ42127y4,1150993447,京都清水寺Get！我也来拍柯南同款角度照片啦！,104387,清水寺
BV1mT421Y7ML,1705566652,【日本都道府县介绍】我怎么听不懂这里人讲话捏,102023,清水寺
BV1xm411Z7vK,1901491717,京都大阪自由行保姆级攻略| 六天五晚自由行 | 交通怎么买？ 清水寺 伏见稻荷 大阪烧 章鱼小丸子,98710,清水寺
BV1om4y1Y7hg,700012041,【日本京都30小时】2023初夏漫步寻找隐秘的欢愉12选！人气祇园鸭肉饭不过如此？一周只开2天的cafe和当地人推荐的戚风蛋糕店惊艳到爆｜白川｜鸭川｜清水寺,94037,清水寺
BV1f4411371U,55848792,【Vlog-穿着和服在日本走一天】在清水寺被日本摄影师拍照啦/伏见稻荷大社真的是拍照圣地/大阪烧好好吃哦,82356,清水寺
BV1PLWwzsEPh,115240935228829,𝑲𝒚𝒐𝒕𝒐𝑽𝒍𝒐𝒈♡在京都的无尽夏吸氧/岚山/鸭川/清水寺,80109,清水寺
BV1Rg411E7MK,518938721,【4K Dolby Vision】Vol.005 京都紅葉散策｜清水寺夜間特別拝観｜叡山電車 貴船 もみじ灯篭の紅葉,80027,清水寺
BV1pg5BzcE4B,114353755918418,716元玩遍关西，京都篇 | 最好玩的京都都在这里，citywalk地图、景点历史、国宝秘密、公交常识,79482,清水寺
BV1QwXpYsEfi,114204992341166,⛩️和室友的京都旅行Vlog｜和服体验｜温泉酒店开箱｜锦市场｜二三年坂｜关西寿喜烧｜清水寺,78152,清水寺
BV1er4y1N7Xn,756793653,京都 清水寺的夕阳,77030,清水寺
BV1xZpnzCEQe,115197935098322,一个人如何磕cp,75996,清水寺
BV1at411e7Eh,38369469,【Kyoto Vlog】京都四日游|人生第一次穿和服，清水寺好美，日本传统文化展,73602,清水寺
BV1Wz1hY2EL6,113377103844394,【4K】这就是我爱上京都的理由啊！一起逛京都最具特色的景点！ | Vlog,67211,清水寺
BV1zX4y187pV,356966562,VLOG：京都篇｜鸭川边的好天气｜伏见稻荷大社｜错峰出行清水寺｜水果三明治｜和栗纱织蒙布朗｜炸牛排,66951,清水寺
BV15B4y1Z7yf,576990596,日本之旅Vlog-6｜京都｜音羽山｜清水寺｜日式旅馆｜Human Made｜瓷器｜无双心拉面,64034,清水寺
BV14y4y1n72i,801484022,【4K HDR10】傍晚的京都清水寺,63666,清水寺
BV1GvtUeHEaY,113179501797125,【茉离 cut】泛式也在清水寺被粉丝偶遇，回忆几个月前包头自爆行程唐式操作,60650,清水寺
BV1EJ411D7ge,75664670,京都和服逛清水寺|tekuteku|日本购物分享|京都古着超级好买|咖啡探店|mel coffee|machimachi|大阪探店|张昕Vlog,58400,清水寺
BV1Vu48eYEZZ,113128801048759,⛩️Vlog｜京都三天两夜｜🍵岚山轻松熊餐厅｜🍣omakase初体验｜🍃三千院 贵船神社一日游｜清水寺 二年坂三年坂,58001,清水寺
BV13HH3zWE75,115308614393511,日本京都清水寺的网红mochi打糕,57862,清水寺
BV1ku411576u,530926776,［4KHDR］日本云旅游｜漫步日本京都清水寺，放松解压城市环境音,57021,清水寺
BV1Wt411d7CG,34543927,VLOG 02.妥妥生贺-日本七日游-嗨就对了,56865,清水寺
BV17r4y1f7p3,746441192,京都原来你藏这么深！猛男酒吧是真猛·去贵船神社吃川床料理·体验町屋民宿·穿和服逛清水寺·免费升商务舱还倒找钱？,55853,清水寺
BV1w4411j7tU,52962158,LiSA「罪人」～ASiA TOUR 2018～[eN]@大阪城ホール,843993,大阪城
BV1GW411T7hC,21523957,【小熙解说】愤怒的章鱼 融合蛇王与蜂后DNA东京大阪城我们来啦!,509155,大阪城
BV1xAKRzhELY,114746661537873,疲劳管理 明天去函馆,428895,大阪城
BV1Ty421v7eP,1551675841,《幕府将军》第4集，关原合战即将打响，洋枪大炮敲打大阪城门,229248,大阪城
BV1GW4y1M73K,946580895,德川家康发起统一之战，二十万德川军围攻大阪城，丰臣氏灭亡,204412,大阪城
BV11N4y1Q71Q,873340929,情侣旅行vlog｜恋爱日常｜活着不就是为了几个瞬间吗？｜大阪城公园天守阁｜八坂神社,192683,大阪城
BV12K4y1o7kz,930235847,日本战国 大阪冬之阵中，淀殿茶茶为了鼓舞全军士气，穿上了太阁丰臣秀吉的遗甲颇为英气，并告诉妹妹阿初，昨晚太阁托梦给自己，让自己死守大阪城,170642,大阪城
BV15u4y1V7pv,919152341,日本之旅Vlog-9｜大阪｜黑门市场｜大阪城｜通天阁｜飞田新地｜道顿堀｜心斋桥｜海洋堂｜手办博物馆｜串家物语｜鸟贵族,163047,大阪城
BV1jZ421T7jE,1156160497,12个400米完整记录 跑步问答,146228,大阪城
BV1Ut421J7AR,1803011612,护卫武士惨遭屠戮，鞠子夫人临危不惧挥刀杀入，德川家康的家眷必须带出大阪城！幕府将军09绯红天空A,144302,大阪城
BV12b4JzEEmJ,115349232029720,初代奥特曼阻止哥莫拉摧毁大阪城,140440,大阪城
BV1dH4y1T7em,1052899027,我要继承大阪城继承我们的家产！,128211,大阪城
BV18EE1zkEqZ,114512199943463,大阪4天4夜逛吃Vlog｜心斋桥·道顿堀·通天阁·天王寺·大阪城·梅田｜品尝地道美食·大阪烧·炸牛排·汤咖哩｜逛日杂店,111843,大阪城
BV1jE411s7KX,94095220,难攻不落--丰臣时代的大阪城复原模型,102973,大阪城
BV1YC4y1A7H7,749114128,这到底是啥词啊！！大阪城的咸蒜？,84978,大阪城
BV1j7XWYPESH,114206384855774,被问到推荐去什么公园，白菜当场PTSD，不要去大久保公园！去大阪城看樱花啊,84797,大阪城
BV1DX4y117TA,356232502,【2023年最完整】大阪周游卡使用攻略 2天免費畅玩大阪城_通天阁_阿倍野_天保山，免费游玩地方多多多！,81631,大阪城
BV14G411q7iY,409177549,【日本vlog1-1】在宿舍楼下登记了回家，其实悄悄地去了一趟日本,80800,大阪城
BV1UX4y1b7PS,356804735,【全曲集】2023.06.01「櫻坂46 3rd TOUR 2023」大阪城ホール,76624,大阪城
BV1Qm411m7ae,1903292900,幕府将军-护卫鞠子突击封锁的吉井家武士战力强横，却石堂家护以杂兵兵力优势封锁，最终武士全员阵亡，鞠子第一次强势突围大阪城失败,71996,大阪城
BV1QK4y1m7BP,930034309,日本战国 作为丰臣秀赖的小姨妈，二代将军夫人阿江想去大阪城看望大病初愈的秀赖，德川秀忠表示得请示父亲家康，阿江直接捏秀忠的大脸盘子，二代将军颜面扫地,69506,大阪城
BV1HdDBY2EcV,113452500651992,一人游│日本司马懿为何偷袭年轻人？超人气“小商品市场”有何过人之处？大阪出行游玩攻略！│大阪│日本篇Day2,67571,大阪城
BV1wp4y1S7KE,968722733,【日音Live】三浦大知「Blizzard」（中日字幕）在大阪城HALL公演视频，「龙珠超：布罗利」主题曲，行走的唱跳一体CD机现场演出每次看都能引起舒适,64187,大阪城
BV1fy4y1W7UX,802695774,日本战国  德川家康不理会丰臣家的和谈请求，下令用新买的荷兰大炮炮轰大阪城的天守阁，二代将军德川秀忠担心自己的女儿千姬会被误伤，担心害怕得掩面哭泣,62064,大阪城
BV1QJ411R7bh,76553773,维吾尔族艺术家～克里木《大阪城的姑娘》75岁演唱,61681,大阪城
BV1vi4y1V7MY,542920075,【繁日中字】【LiSA】LiVE is Smile Always～ASiA TOUR 2018～[eN]@大阪城ホール,60943,大阪城
BV1xG411z7vZ,410641659,秀吉看着他的子孙在大阪城努力工作,60774,大阪城
BV1Hy34ztE3N,114784041307780,大阪上新啦，自由行又有新选择！,60502,大阪城
BV1uh411F7MW,229348816,【櫻坂46】2023.06.01「3rd TOUR 2023」大阪城ホール,59514,大阪城
BV1p94y1Y7mg,364066805,宝宝你是一根蓝棉签,59033,大阪城
BV1q7f7YhEM6,113880973972348,大阪城下大阪烧，河田小哥7.7kg简简单单意犹未尽,58475,大阪城
BV1CL411g7QX,463829300,【城堡志】大阪城的终局——德川大阪城的修建,56505,大阪城
BV1s5411w7e3,460295118,日本战国 大阪城沦陷后，丰臣秀赖和茶茶母子在一个仓库被德川军发现后遭团团包围，侍奉丰臣家多年的片桐且元眼含泪光见证着丰臣家的衰亡,54708,大阪城
BV1ZM411w7CM,479532007,［刀剑乱舞］不得不说花丸婶是懂挖地的……知道下次大阪城都派谁了吧~,54167,大阪城
BV1uV411J7rU,417644432,日本战国 大阪冬之阵刚平息，德川家康再次责令丰臣家要么将大阪城所有浪人驱逐要么改封至伊势或大和，茶茶大怒，丰臣秀赖悲痛地说“往日荣光孩儿不知，但财力枯竭可奈何”,52873,大阪城
BV17h411y74x,203687458,古代战争  日本战国 德川家康用荷兰巨炮炮轰大阪城天守阁  茶茶大为惊骇  二代将军秀忠担心自己女儿千姬在大阪城内受伤,51831,大阪城
BV1ki4y1N72a,544528566,日本战国  加藤清正。福岛正则。细川忠兴、黑田长政等七人党武将控诉石田三成失败后非常气愤直接带着兵马杀向大阪城里石田三成府邸，被五大佬之一前田利家阻止,50433,大阪城
BV1Kt4y1y7NV,625882132,冷门日影【大阪城物语】：千姬在里面竟然只是个打酱油的，我不开心,50318,大阪城
BV1s3xieaE6g,113231628603571,【4K】跟着柯南去日本，在大阪城公园拍到了人生照片！ | Vlog,50144,大阪城
BV16mfjBhEnz,116106320678817,赛前会长带我冲一冲,48498,大阪城
BV1uYg3zdEho,114872809430476,【日本】关西7日游Ep5|大阪攻略（上）|大阪城公园散步|天神桥筋商店街逛吃|大阪天满宫|kitte大阪逛各县特产店|梅田蓝天大厦赏日落夜景|狂炫函太郎旋转寿司,46413,大阪城
BV1LW4y1E7fW,944346214,大阪城夢祭『関西ジャニーズJr. DREAM LIVE 2022』关西少女偶像candy my love,46074,大阪城
BV1Ry1ZBqEzi,115501317556696,大阪城我的家乡,45752,大阪城
BV11dz5BUEi5,115931049166719,《讲透日本15》 落幕：丰臣家族大阪城的末日,44983,大阪城
BV1Rx41147j2,13922106,【刀剑乱舞MMD】因为在大阪城没有捞到毛利，一期他。。。,43986,大阪城
BV1UMFgzoERL,116003694451422,天下第一大阪城，为何被家康轻松攻破？,43075,大阪城
BV1es411z7He,4351532,【MMD刀剑乱舞】大阪城…？新的弟弟！！！,42868,大阪城
BV1t64y1i7YP,760189571,日本战国 少君丰臣秀赖的未婚妻千姬在大阪城内举行削鬓仪式（女子成人礼），20岁的丰臣秀赖看到千姬从爱哭鼻子的小女孩成长为16岁的美丽少女非常高兴,42494,大阪城
BV1nBDtYEE9T,113427116721156,高驰PACE Pro 100公里使用体验,41530,大阪城
BV1ma4y1k72s,666698657,总有一天会迎来人生最后一场PB,40754,大阪城
BV13u4y1N747,920731362,【日向坂46】Happy Train Tour 2023 in 大阪城ホール【BD】,40410,大阪城
BV1ev41147tN,245725228,[刀剑乱舞]在大阪城最想捞到的男人——带你了解刀男人的梗,39207,大阪城
BV1ty4y1t7TT,802355050,日本战国 关原之战后西国名将立花宗茂认为，西军10万大军在关原损失不大，凭借大阪城仍可重整旗鼓，但辉元认为德川家康一定会信守承诺保持毛利家领地不变，决心妥协,38784,大阪城
BV1qE28YKEsW,113294560074204,【联合字幕】2024.10.09 櫻坂46 三期生Live in 大阪城ホール DAY2,38094,大阪城
BV1iV4y1z7CY,869263467,【櫻坂46】2023.06.01「Start over!」3rd TOUR 2023 大阪城ホール,38021,大阪城
BV1b5zJYkEVP,113569790167125,阿迪达斯Pro4 4分配速30公里初体验,37832,大阪城
BV1VG4y1D7wz,863683053,大阪城遇高手 大阪第一个半马,37669,大阪城
BV1W6421Z7MP,1405933627,2024超越时代的爽爆剧《幕府将军》来了，洋枪大炮轰开大阪城门，武士精神终究还是太过脆弱！,37589,大阪城
BV1av4y1K7pq,553784375,和大阪朋友在大阪城前搭起人形摇摇车,37466,大阪城
BV1o5411c71D,460204598,日本战国 高台院宁宁得知德川家康与大阪丰臣家开战，想去大阪城劝说茶茶不要开战，但是被德川家士兵野蛮地拦住，宁宁气的差点心脏病发作,37448,大阪城
BV1uU411o7sK,1905218969,美艳主妇私通女儿家教，女儿竟要加入？日剧《东京塔6》,1881119,东京塔
BV14v411u77A,251295446,东京塔下大跳I am not cool,1198577,东京塔
BV1W94y1K7UU,368995450,消失的up主22——东京塔子，知名唱见回归，摇身一变能量学代言人？,1176231,东京塔
BV17V411P76M,405864297,一曲亲情的悲歌，当明白母亲的爱时，却发现为时已晚,1014362,东京塔
BV16ZzRYFEze,113577004368514,日本高分电影《东京塔》：30年啃老，啃没的不仅是父母的血汗积蓄，也是他们的整个青春,951344,东京塔
BV1AC411a7Sb,1951905339,cos堀与宫村看了东京塔,941937,东京塔
BV1Bf4y1s7ZQ,290168349,2小时实时学习(轻音乐) ｜🗼看着东京的日落一起学习吧｜2 x 60分钟｜自带计时器和闹铃｜Study with me,801882,东京塔
BV1dS4y197QU,721795904,东京塔下翻跳LISA的封神舞,669997,东京塔
BV11v4y1279K,563047005,住在东京塔楼顶层是什么体验！这视野是我能看得起的吗？,659665,东京塔
BV13i4y127Pc,551705558,【马克笔手绘】-东京塔 你一定要走，走到灯火通明。希望我的画能治愈你们。,655110,东京塔
BV1Wx411y7RY,8745597,当各大大遇到八分音符酱,602815,东京塔
BV1Ka411G7Jt,217339850,柯南半步封神之作！琴酒与柯南决战东京塔的剧场版有多好看！！细节讲解柯南第十三部剧场版《漆黑的追踪者》！！！,579606,东京塔
BV19e411F7Jg,264002403,这塌房来的太迟了，东京塔子，怎么回事？！！！,462429,东京塔
BV1zN4y1p7me,878874334,原神的海外影响力到底有多大？,410811,东京塔
BV1FpPWz8ECP,116180090095115,千万别买东京塔旁的房子！尤其这套我怕你看了坐不住,357585,东京塔
BV1a54y1L752,845664662,📚4小时实时学习(Lofi音乐+篝火声🏕️) ｜看着深夜的东京一起学习吧｜🍅番茄工作法｜自带计时器和闹铃｜Study with me,340333,东京塔
BV1yu4y1m7QE,828727369,【东京攻略】从出境到回家，出境/交通/景点/住宿/外币/语言/餐购丨超详细手把手教程,340155,东京塔
BV1Fb421e7D1,1803799061,爱上老妈的好朋友（有老公，大24岁）！最新日剧《东京塔》,339623,东京塔
BV1H3411C7ZJ,421068588,【4K60FPS】陈奕迅《富士山下》神级现场！你听懂了吗？,18657348,富士山
BV1n24y1V7a6,780295662,在百万豪装录音棚大声听陈奕迅《富士山下》【Hi-res】,12716221,富士山
BV1uT1MBSENF,115468736142349,富士山为何不爆发？爆发威力有多大？,10106012,富士山
BV1rf4y1z7E1,289264411,【仙贝】富士山下 cover陈奕迅（这首歌真的好难,7108914,富士山
BV1u54y1Z7Wg,854114911,我唱《爱情转移》她唱《富士山下》各唱各的？耳机听有惊喜,6109802,富士山
BV1Df31zfER2,114812528886800,【陈奕迅】我来B站了！入站冲浪初体验蛮有趣的,6009005,富士山
BV1gi4y1o7cE,549945863,男孩偷看狐仙娶亲，哪知被对方发现，竟要他以死谢罪《梦》,5702295,富士山
BV1WT4y1L78i,926822594,【4K60FPS】陈奕迅《富士山下》神级现场！祝大家情人节快乐,5619827,富士山
BV1k9Z5BdEv5,116068119158189,如果富士山爆发，会对我们产生什么影响？,5027962,富士山
BV1z46nBdEwH,115990289451626,富士山下，但是用洗衣机弹？,4953586,富士山
BV1gN411B7Gy,490038456,这一定是我们做过最酷的事情,4134113,富士山
BV1Xx421r7Qi,1751955912,越野车撞上富士山，变形怪兽哥斯拉！那龙虾撞上火腿肠，又变成啥？恐龙???,4026369,富士山
BV11b4y1Z7au,630955972,【邓肯】噩梦中她看到无数灾难场景，包括预言2021年日本富士山爆发！,3444551,富士山
BV1T54y1t77U,843206822,【周深/李克勤】《爱情转移》粤语版（高品音质纯享）,3425181,富士山
BV1uJPCzPE5H,116175979744334,0成本坐飞机？用洗衣液拍出绝美富士山！,3369203,富士山
BV1Px411i7Le,12330948,李克勤-富士山下【蒙面歌王】,3296349,富士山
BV1Vk4y1q7F2,739458890,【AI佑灰】富士山下,3005797,富士山
BV1qd4y167pW,388108832,富士山真的憋不住了,2847970,富士山
BV1rG4y177Zz,819264485,【吕布】【父逝山下1.0】,2703205,富士山
BV1LT4y1u7L6,925662778,【李克勤】这男人有多劲？演唱会突然被点唱《富士山下》实力天王的可爱日常,2319400,富士山
BV1U341197z6,436176884,当雷电将军用无想一刀削平富士山？（bushi）,2262523,富士山
BV1Hi421e7Jg,1455752095,哥们过上了退休生活，娶了热爱二次元的日本老婆，我去探望探望他,2201270,富士山
BV1tBX5YZEVc,114181923675540,【坠亡直播】男子作死裸爬富士山，直播记录死亡全过程,2154164,富士山
BV14U4y1Q7Ce,685353142,只需2个小时，就能让东京瘫痪，富士山喷发有多可怕？,2148187,富士山
BV1qw6tY2Ens,113734844416675,省流篇：富士山喷发对我国究竟有多大影响？,2109153,富士山
BV1xa411x7de,215194722,TM喷了！日警方正全面应对眼看就要喷发的富士山！日本网友：确定是药丸了吧！,2092203,富士山
BV1Qo4y1W7Sk,396389282,日本的旅游“名片”富士山，竟然是花天价租来的！,1997618,富士山
BV1wf4y1k7as,288674149,【钢琴】陈奕迅《富士山下》罗曼耶卓 Oskar Roman Jezior,1939402,富士山
BV19P4y1o7cd,900287779,都说日本富士山要爆发，但当地人却在下游的河里泡混浴。,1928210,富士山
BV1Bb411p7Yy,48054036,《爱情转移&amp;富士山下》汪晨蕊  经典女声翻唱,1917849,富士山
BV1jb41187Rn,44660549,陈奕迅-富士山下(感冒嗓子沙哑却唱出最经典一版),1891859,富士山
BV1xc411i7Z5,281870865,假唱？陈奕迅颁奖典礼上离谱忘词证明真唱！,1891397,富士山
BV1sS4y167Q1,724432259,【⚡肠胃⚡呼叫转移】刘庸干净又卫生,1845797,富士山
BV1kV4y1p7XG,857218597,富士山不属于日本？政府每年几十亿天价租富士山，如果爆发谁赔偿,1837979,富士山
BV1FPkCBZEk4,115530325300671,打扮后去富士山，这趟旅行不一般,1808575,富士山
BV1ihBBBFEWV,115789013195316,日本蠢男直播爬富士山，没带装备，没带食物，没有经验，纯纯作死,1716973,富士山
BV1yb421B7tw,1804718991,“遇见你是富士山下，离开你是爱情转移”,1674674,富士山
BV1AD4y1A7pV,737038982,日本富士山要喷发了？日本将灭亡？！,1638041,富士山
BV1Xw411Y7rD,321524566,富！士！山！喷！出！山！外！山！岩浆洒向了东京湾！,1633387,富士山
BV11G4y157Dn,818132853,听说富士山又冒烟了，小粥娜酱带大家去看看现场到底怎么回事！,1531147,富士山
BV1kM4y1N7t4,932053887,狂拆一堆可爱生活小物｜低至5R 巨巨巨实用｜富士山玻璃杯｜口红口喷｜旋转收纳｜大嘴小喷壶｜草莓熊发圈｜迷你小夜灯,1509995,富士山
BV1sL411t7UT,462858734,沉睡300多年，富士山要喷发了？日本制定富士山喷发避难计划,1468970,富士山
BV1Ey4y1i74E,800741341,勤深深开口无敌！《爱情转移》身临其境富士山下~希林娜依高解锁粤语技能！爆pow唱《浮夸》！粤男爆笑模仿真假音无缝切换！【我们的歌2】reaction 12,1460459,富士山
BV1534y1a7EY,811079375,日推歌单｜“你有听过原作者唱《富士山下》吗？”｜泽日生 - Christopher Chak,1459033,富士山
BV19r4y1y74M,763752207,钢琴弹奏《富士山下》,1403923,富士山
BV1oa41127Jb,210801349,富士山可能随时喷发，触发压力已高出16倍！汤加火山爆发只是开始吗？,1375366,富士山
BV1oX4y1A7iS,716335673,15个震碎三观的冷知识，日本富士山是私人的！,1373465,富士山
BV1up4y1N7Wm,960392683,如果富士山喷发，你会做些什么？,1358693,富士山
BV1pS4y1A79C,683294009,【刘庸】【腹逝山下】，陈奕迅和刘庸都沉默出庭了,1355434,富士山
BV1ua411x7pb,215137263,日本正为富士山喷发做全面准备，600万中国网友，在线看富士山直播,1336362,富士山
BV14k4y1A76E,745646883,富士山喷发对我国究竟有多大影响？,1335653,富士山
BV1EK4y1N7yy,887850530,【许靖韵】『谁能凭爱意要富士山私有』,1309384,富士山
BV18T42197rX,1704143964,【填词/MyGO】富士山下 -“不欢而散是我温柔的离场”,1289600,富士山
BV1th4y1t7Ep,613791925,【钢琴】《富士山下》陈奕迅演唱的粤语歌曲，泽日生作曲,1286821,富士山
BV1Ni4y1x7p7,540937698,直播登富士山时摔亡的主播获得了达尔文奖,1272004,富士山
BV1eCYXzzEio,115065562862818,登顶过一次，才懂富士山为何是日本神山。最严限制下，为何依旧挤满登山客？,1262435,富士山
BV12P4y117MG,902802283,富士山喷发有多可怕？,1253217,富士山
BV1ig411V7zT,505293036,日本富士山将火山大喷发？,1250393,富士山
BV161KUzBEnX,114760536426052,来日本6年，第一次知道富士山还能这么玩!【富士回游号】,1250286,富士山
BV1X54JzZEh1,115349651464191,计划了半年的富士山之旅，辛苦的却是后期,1217030,富士山
BV1Rt411v73N,38076716,日本网友评论，中国故宫vs日本浅草寺，看了中国故宫，感觉日本建筑好差！,1321517,浅草寺
BV13t4y1Z7V6,623197358,关于我在浅草寺引起一些小骚动的碎碎念,1077409,浅草寺
BV1ZW411F7iy,25018802,日本街道虽干净，但走着走着就快被逼疯了,914242,浅草寺
BV1MkoXY5Eva,114239201088392,日本女友吃醋后，竟然带我去浅草寺吃了一天绿？,642647,浅草寺
BV1W8J7zsEFK,114549982234857,⛩️东京女生浅草寺和服vlog｜中日双语字幕,618052,浅草寺
BV1ou4y1B7k1,914534449,日本旅游探秘，浅草寺的究竟好不好玩！,459436,浅草寺
BV1RE411j7x1,93186097,东京游记 | 浅草寺和服体验 | 爱用气垫全天测评 | VLOG 012,439501,浅草寺
BV18A411n7EJ,329408592,【矢野浩二】逛日本最火爆景点浅草寺，吃日剧里的猪排饭！真就诸事大吉利？？？,400531,浅草寺
BV1DfZDYmEEi,114275204991904,一人游│东京自由行全攻略！盘点&amp;吐槽东京的那些热门景点│东京│日本篇Day5Day8,388450,浅草寺
BV1bFi2BiELu,115853722978796,【动态视频】纪录片视角下日本的日与夜丨金阁寺｜伏见稻荷大社｜浅草寺｜富士山｜酉之市｜歌舞伎町,376182,浅草寺
BV1ET421e7Ke,1705671654,东京VLOG｜一个人迷失在东京街头｜J人强迫变P人的旅行｜浅草寺三社祭｜镰仓富士山｜秋叶原｜东京塔｜冷乌冬｜亲子丼｜碶茶店猪排三明治,333834,浅草寺
BV1zW4y1p7HU,945728338,"疫情后的东京浅草寺变了吗？隐藏小巷的美味烧鸟，肥美鳗鱼饭，牛肉饼排队王，连吃6家我能花完¥10,000吗",287234,浅草寺
BV1dW411G7Jm,22635967,【Nya酱】带着新VLOG相机去东京浅草寺漫步！原宿煎饼相当好吃！,283292,浅草寺
BV1Jf6BYEEUs,113757996979569,穿着80w的和服在浅草寺跨年收到的返图,276969,浅草寺
BV1W6RoY5E6u,114284818340224,VLOG:东京之行|富士山|浅草寺|涩谷|迪士尼,276707,浅草寺
BV1tT4y1o76p,933594619,咱今天不想文案直接扭行吗家人们,271598,浅草寺
BV1rptTeEEFT,113135025396908,东京市中心100块一晚的胶囊酒店是什么样的？,268149,浅草寺
BV16x4y1r7SW,1001236344,「VLOG」一个人的东京三日游             | 4k60P  | 镰仓 |  秋叶原 | 东京极致夜景 | 涩谷 | 台场 | 你的名字 | 浅草寺,233135,浅草寺
BV1vJ411i7a6,78227014,日本妹子汉服初体验（上篇）|逛浅草会有违和感吗？【菜菜de日常碎碎念】,230679,浅草寺
BV1i4411o7Qo,64360052,vLog|原来三叶和泷是这样相遇的；那个雨季的凉亭还在——「你的名字」「言叶之庭」圣地巡礼：在日本旅行的前两天，圣地巡礼、浅草寺和天空树,215457,浅草寺
BV1QY4y117n2,652956966,VLOG｜🇯🇵东京旅行日记｜浅草寺的抹茶冰激凌｜深夜大阪烧｜东京塔｜好吃的鳗鱼饭,209833,浅草寺
BV1kqHWeHERH,113073335635800,不会日语，一个人去日本玩11天（东京篇）,204703,浅草寺
BV1tSHZzDEkN,115201525484760,四人毕业旅行VLOG之日本🇯🇵—东京篇 ｜涩谷｜浅草寺｜花火大会｜镰仓,203530,浅草寺
BV1My411q7t4,1956350835,抽到凶了..日本一个人旅行Vlog东京、浅草寺、银座,199610,浅草寺
BV1PJ4m1V7Hk,1252853032,【迷失·东京】 第一期 浅草寺,197555,浅草寺
BV1ujUpY3E3y,113502479974910,震撼人心的现代都市奇迹！东京为什么如此与众不同？,183392,浅草寺
BV1F7iyBjEHx,115852498179152,日本经济不行了？旅游区店铺都倒闭了！去东京浅草寺求签。很多游客，有同胞吗？,174535,浅草寺
BV184411K7ge,54805970,【研食记】浅草寺求签不如意，吃碗拉面安抚孤独的自己。,164915,浅草寺
BV14N1jYCEqg,113384183829601,18禁的幕布后，购买主力竟是老人。,164060,浅草寺
BV1uN4y1p7mJ,878774328,日本浅草寺五十年的寿喜烧，拼桌吃饭是一种什么体验,163558,浅草寺
BV1Ds421c7GF,1854686271,浅草旅行攻略｜暑假浅草寺怎么玩？7家必逛店铺,145413,浅草寺
BV1mW411m771,32880069,东京Vlog·2 在平成末夏看一次江户川花火大会/平浅草寺/夏日祭/浴衣初体验/JAPAN TOKYO【轩游记·东京2】,143433,浅草寺
BV1ZR4y1u7Cs,337977423,西装男在下雪天的浅草寺跳超可爱舞蹈！,139459,浅草寺
BV1t2J8zwEF7,114539781685510,别去了！！浅草寺功德箱机位被禁了！！,138323,浅草寺
BV1Y4411Z7mz,64051369,日本小姐姐阿酱 穿上日式浴衣，去看东京 花火大会  VLOG,134084,浅草寺
BV1qApiziEFM,115224929640443,Tokyo vlog ep3⭒东京雨是别离的前奏/和她穿着和服在雨后的浅草寺散步/涩谷追旅逛买/epex特典会,129112,浅草寺
BV1fh4y1u79L,615097176,在日本穿汉服，被夸了一路卡哇伊,116130,浅草寺
BV1uJ41187T4,81720183,日本漫展C97跨年！浅草寺祈福！最后去秋叶原买到坑人的福袋！,115020,浅草寺
BV1SwshzUEeQ,115418438044031,i人独自在东京旅行进展如何|在浅草寺抽到了...|VLOG,112452,浅草寺
BV1qu411Y7bD,529670130,有幸刚来东京就看到，四年未见，江户时代花魁游街,112303,浅草寺
BV1p4DHYaEuW,113424667250890,复合就停更！雷门浅草寺sl43开篷视角,107876,浅草寺
BV1VM411j7gH,525114870,浅草寺3min｜适合学生党住的酒店,104862,浅草寺
BV1Ve4y1g73N,648079756,【津田健次郎】浅草寺散步下篇~寺院境内都可以做什么~,100707,浅草寺
BV17NoyYqEYv,114216870616461,断更3年 好久不见 | 东京vlog | 涩谷 | 浅草寺 | 柴又,99795,浅草寺
BV1xk4y1N7XQ,743415079,日本之旅Vlog-2 东京 |自驾浅草寺|右舵车|哆啦A梦|高达|台场|浅草寺|文字烧|藤子F不二雄|八王子|油拉面|K-Car,95342,浅草寺
BV1Gm4y1s73c,701979892,第一次东京vlog之旅｜银座逛吃｜东京铁塔｜晴空塔｜浅草寺｜涩谷看夜景｜EP.1,92175,浅草寺
BV11T411L7gZ,471764399,🇯🇵步行3min | 浅草寺性价比超高酒店开箱视频,90875,浅草寺
BV1aJ411n7yQ,83185991,【上原亚衣】游浅草寺,90801,浅草寺
BV1kr4y157KH,771683486,浅草寺里的铁板烧,89880,浅草寺
BV13pWAzBEjN,115242076012578,在阴天打开闪光灯拍了一套男式着物,86624,浅草寺
BV1kG411c78r,432283069,松本ももな逛浅草寺,83240,浅草寺
BV1SEndzgEeC,115282056122383,我愿称这首为浅草寺科目三,82737,浅草寺
BV1ds411o7mb,896483,【痛新闻】软软冰带你去浅草寺过新年【生日特别篇】,82692,浅草寺
BV17J411c7EE,70484537,浅草寺的和服体验【Vlog】东京Day3浅草篇,82460,浅草寺
BV1p94y1i7GL,360983852,来日本旅游，当然要做逛吃逛吃的快乐小火车,79214,浅草寺
BV1wt411B7XY,38005685,「歪歪」vlog.2 日本关东之旅｜镰仓 东京迪士尼 吉卜力美术馆 浅草寺｜和我一起过夏天吧,75047,浅草寺
BV1vH4y1F7QC,1056674605,在东京走散！从此各走各的路！双胞胎东京吵吵闹闹vlog下集！浅草寺还愿｜打卡日本最大唱片店｜东京塔｜,73365,浅草寺
BV1Lg4y1t7Fc,823624078,疑似有丶浅草寺的爱慕织姬,72847,浅草寺
BV1UqnnzgEpp,115276184032293,What is love..？但是浅草寺版,72713,浅草寺
BV11L411h7k2,443061660,变身巫师！用我的咒语施展魔法！环球影城vlog,7767582,环球影城
BV1of4y1E7gK,293247773,三吵大闹环球影城,7753080,环球影城
BV12M4m197vk,1302354122,环球影城吃吃吃！第一次吃恐龙蛋！,7750032,环球影城
BV1hE421A7uy,1656010878,环球影城太好玩了啊啊啊啊,4794487,环球影城
BV14h411n7ok,208143004,开学啦～我终于收到了霍格沃茨的录取通知书,4411012,环球影城
BV1qb4y1a7vJ,633384980,环球影城酒店吃惊测评：枕套毛巾不换，马桶不刷，别人喝过中药的杯子也不洗？,3715944,环球影城
BV1HK411R7MM,475679663,逛街偶遇迅猛龙宝宝，养恐龙当宠物差点被咬，化身驯龙小专家,3713199,环球影城
BV1kP4y1k7Eh,905349669,我在北京环球影城吃到了我生平遇到的最贵最好吃的巧克力，大家觉得这个价格值得吗？ #美食 #巧克力,3630372,环球影城
BV1LR4y1J7Dw,336155707,【土拨鼠】哈利波特HP不同的人物都是怎么说话的？,3624324,环球影城
BV1zMbLzPEQM,115009661176047,带二次元女高妹妹第一次出国，35岁老公崩溃了,3559659,环球影城
BV1xM4y137Bn,933171273,环球影城威震天被阿姨叫“阿威”，威震天又发飙，短裙美女真漂亮,3414029,环球影城
BV1V34y1S7yy,806003606,环球影城！噩梦开始的地方！,3294733,环球影城
BV1af4y1F71n,378290563,北京环球影城威震天遇到两个社交牛逼症把威震天恶心吐了,3289331,环球影城
BV1ssPkehEed,113949676668347,自制哈利波特黄油啤酒🍺竟然跟环球影城的味道一样！！,2715879,环球影城
BV12k4y1c7WX,745841934,环球影城遇难记。没在过山车上遇见暴雨的人不配谈人生,2697404,环球影城
BV1rHS3YwEp1,113396078942611,吓到老美了！这就是中式恐怖吗？,2680959,环球影城
BV1sR4y1n759,335859019,在环球吃到爽要花多少米？算完账我惊了……,2493703,环球影城
BV1Kka4zHEKT,115150120095432,日本艺术家把几百条“活”金鱼封在树脂里？！,2484694,环球影城
BV1q4fWYUE1X,113883373115144,春节挑战! 一天玩北京环球影城所有的项目?!,2244774,环球影城
BV1AQ4y1J7bC,707929021,别哭，这不就是你期待的长大吗？,2134811,环球影城
BV1gtqfYJE5K,113657618892601,三年级小孩姐的北京环球影城之旅，排队排哭了！,2113233,环球影城
BV1kv411N7vQ,250041929,理想与现实之北京环球影城｜这是一份超级详细的游玩攻略 四种路线图甩你脸上,2092082,环球影城
BV1tE421w7Cq,1656329823,【Ado】唱 / Show,2043185,环球影城
BV17NPZe8ESN,113942126923386,盲人测评迪士尼无障碍，全球第1只摸到导盲犬的米奇？！,2016758,环球影城
BV1UqkzYuEAa,113679362164938,狂刷N次游乐园！就为了找到这几个动画电影彩蛋？！,2004024,环球影城
BV13w4m1Y765,1106178059,挑战在环球影城吃一整天要花多少钱,1891354,环球影城
BV14x4y167dr,1003619535,成功解锁环球影城所有项目，全家一起尖叫吧,1850898,环球影城
BV1kf4y1E7gB,293229366,100美金挑战洛杉矶环球影城,1726764,环球影城
BV1oU4y1P7AK,675424699,北京环球影城的威震天，这嘴也太碎了！好贱啊啊啊啊啊,1675786,环球影城
BV1y14y1X7P4,786424573,威震天吓哭人类幼崽后也是不知所措,1668751,环球影城
BV1nt4y1R7tB,623687600,2023.11.20 环球影城 哈利波特-青蛙合唱团,1665770,环球影城
BV1obi5BxEZh,115817987446761,健身人来环球影城只干一件事,1661235,环球影城
BV1zb421e7nR,1805467462,谁给了迪士尼涨价的勇气？谁叫有人越贵越想去,1657115,环球影城
BV1c64y187Rm,763165815,北京环球影城威震天又闯祸，把小朋友吓哭了，擎天柱为啥没人气？,1547544,环球影城
BV1K3oeYXEVz,114227725473315,cos那维莱特到北京环球影城现场审判？！,1537425,环球影城
BV1E4dDYXEoD,114319480067388,如何一次打卡完毕北京环球影城超详细实景攻略（你还见过比这更详细的吗？）,1528551,环球影城
BV1Mq4y1Z7ju,590812146,带女朋友去环球影城，当她的一日男仆，结果...,1471247,环球影城
BV121qgYkEDf,113625926732244,陪宝宝体验欢乐好声音，环球影城最后一站，依然是体验感满满,1467304,环球影城
BV18U4y1c7Ho,675834206,北京环球影城最强红黑榜，照着玩一次就回本！,1460002,环球影城
BV1XssozfEux,115433990587852,给老番茄当2天1夜私人向导！青春旅行团双人版！！,1451556,环球影城
BV1S64y1m7Xz,757725871,环球影城的【侏罗纪公园区】好有心跳的感觉呀,1350263,环球影城
BV1VQ4y1k7Lc,718021624,去完北京环球影城的一些吐槽,1318569,环球影城
BV1Qq1KBnE3B,115467310075024,在环球影城，我们把鬼吓下班了【美女旅行团01】,1316048,环球影城
BV11C4y1Q7at,792404474,"48h芬兰混血儿极限带娃日记!体验爆辣火锅,被5米巨长土豆片震惊全场",1283768,环球影城
BV1kq4y1Z7xT,590437902,不谦虚了！地表最强的北京环球影城攻略来了！,1281741,环球影城
BV1SP4y1h7er,890645097,【白敬亭】再水一期，环球影城游记！,1268755,环球影城
BV1xe4y137cX,649885634,北京环球影城之旅-Vlog 09,1267740,环球影城
BV1ko4y1s7Zw,396550621,大阪环球影城小黄人砸香蕉,1234861,环球影城
BV1HW411S7D4,32694467,[转载]新加坡环球影城万圣节惊魂夜 2018 宣传片by Pagoda of Peril,1234652,环球影城
BV1WhPYeiEj1,114062621018683,关于我妈把环球影城仙女教母吓到这件事…,1230938,环球影城
BV1tf1vBfE9T,115485261766152,让日本人唱哈基米，有多迷惑？猛攻大阪USJ万圣节！【六哥COS环球记03】,1195188,环球影城
BV1rTCXYcEu9,113332107350029,汉尼扳突袭环球影城，万圣节之夜尖叫不断，胆小误入！,1188913,环球影城
BV1yoGCzjEQH,114419388384638,环球影城偶遇毛晓彤,1185202,环球影城
BV1YNu4zTEko,114860344024370,在环球影城亲眼见证恐龙孵化，是一个小男孩多大的排面围观了很多孩子都在问这是谁的小恐龙啊小薯条骄傲的说“是我的！”,1182046,环球影城
BV15k4y1M781,742417981,快乐不必定义做自己喜欢的就好,1153786,环球影城
BV1c341167pT,419887668,在大阪环球影城吃上一整天是什么感觉？,1152898,环球影城
BV1wBpEegECY,113107594708183,等一下，富江……,1146542,环球影城
BV1uM4y1476M,913539017,今天学校的麻瓜特别多！,1144736,环球影城
BV1t7BVYpEAL,113648475312050,分享环球影城游玩攻略，如果你正准备去玩，那看这一篇就够了,1121583,环球影城
BV1XJ411K7YZ,68960031,卧槽，这个真的有吓到我。环球影城电影场景还原。。,1119744,环球影城
BV1kTKTzpEiW,114716680656722,我在日本高中上了一天课，发现动漫里都是真的？！,22043284,日本vlog
BV1t24y1Z7cQ,688007155,日本女人的饭量就一口？！,10280784,日本vlog
BV1LE411h7Kh,73734077,崩溃！骗日本妹子2块一斤的西瓜2000块，故意摔碎让她赔会发生什么...,9354608,日本vlog
BV1K7411y7SE,99531081,听说纳豆奶奶改了日本国籍？,9164359,日本vlog
BV1D7411N7jN,91770298,服了日本，在东京告诉你为啥日本的确诊人数涨的慢。日本佛系抗疫下的日常惊悚加无奈加震惊vlog,7930567,日本vlog
BV1jt411G7FF,59353355,男子上网学撩妹方法，撩了下日本妹子，结果…,7878123,日本vlog
BV1gJ411c7gp,70467009,为什么在红灯区工作的日本女生这么多？每二十个中就有一个在…,7729057,日本vlog
BV1R4411c711,58074555,实测在日本穿短裙一定会被偷拍？一女子在偷拍高发地竟遇到这种事......,7442151,日本vlog
BV1ht411T7HP,62649117,这下玩脱了吧！中国小伙在日本买了2本杂志藏家里，被日本女友发现后...『kei和marin』,7179045,日本vlog
BV1oJ41117Rh,76382775,在日本真的会被搭讪！？10分钟内被5个日本小哥哥搭讪亲身经历！,7172986,日本vlog
BV1iJ411w7D4,68153467,这下玩崩了吧！中国小伙在家偷偷用vr看片，被日本女友发现后...『kei和marin』,6996388,日本vlog
BV1B4411776V,52786308,中国男子尝试在日本街头搭讪妹子，结果……,6881140,日本vlog
BV13K4y1x7HK,883865639,当日本人开始吃小龙虾后。。中国男子实测日本小龙虾,6833064,日本vlog
BV1UE411S7vn,70046175,验证：女生在日本街头被搭讪的几率是100%？一女子大胆尝试竟....,6658772,日本vlog
BV1E341157fz,424508579,中国阅兵式：韩国人惊到下巴，日本人惊到无声，美国人直接摇头！,6651472,日本vlog
BV1cVRSYSEWC,114281043465167,假装自己是日本社畜，错过末班地铁是什么下场？,6523324,日本vlog
BV1yJ411w71u,67659862,日本超大的战斧牛排，中国男子作死挑战，结果…,6453003,日本vlog
BV1Cf4y1z7hT,289271872,日本特有的不良弹舌 那还不是张口就来,6404982,日本vlog
BV1rY4y1a7w6,640914088,35岁日本小哥Kenty的“一人食”视频~ 反正就自己一个人，那就“随便”吃点吧！,6059893,日本vlog
BV1HJ411j7vs,81847211,男子花了2万日元在日本买了个便当，一打开结果…,5948493,日本vlog
BV1Au4y197ej,829732061,遇到一群热情的高中生｜刘阳的摄影vlog,5767285,日本vlog
BV1TZ4y147ME,370395157,卢本伟——日本之行vlog续,5621580,日本vlog
BV1iE421P7X8,1655731500,被日本高中女生表白了 当着大家面说我爱你｜刘阳的摄影vlog,5615614,日本vlog
BV1dA411i7DE,328231095,为啥日本女性全球“出轨”率第一，采访日本朋友，答案毁三观,5596466,日本vlog
BV1B4411A7nk,57919782,中国男子在日本吃寿司自助，100种寿司随便吃，店长差点都哭了？,5526891,日本vlog
BV17D4y1B7sG,730094787,日本蛋包饭专门店店长实力证明！只要蛋做得好，刀再钝也不在话下！,5493467,日本vlog
BV1z3nEznEsK,115275697625605,看了10年动漫，在日本居然听得懂本地人说话？【日本游01】,5445612,日本vlog
BV1w34y1y7tm,809186439,大妈日本花1120吃和牛，要十成熟的，大厨：对不起，我做不出来！,5404211,日本vlog
BV1954y1s7CF,843828751,日本人气第一店面！秋叶原美少女的采耳服务,5337052,日本vlog
BV189DpBGExA,116372575093946,沉浸式在日本流浪，看完又赚2174.31块！,5286754,日本vlog
BV1y34y1m7ZP,806274267,我说日本人是社恐天花板没人反对吧？日本人的社交恐惧症到底有多猛？,5145940,日本vlog
BV1yx4y117uM,1000452917,第一次吃日料，进去那一瞬间让我脱鞋 社死了哈哈,4953516,日本vlog
BV1TBg3zpEJY,114872826207313,东京留学Vlog|听说东京物价很高？不信！,4866782,日本vlog
BV1Ku4m1G7zf,1301538694,第一回：在日本被“道上大哥”抓住 看到了他们的另外一面｜桃子的摄影vlog,4800152,日本vlog
BV1GK411c7y9,502695409,日本自动出饭机，让我再也不想吃米饭了！,4785409,日本vlog
BV1sW411u7Xx,21428996,【实拍】日本毕业典礼都这样搞？？？,4724544,日本vlog
BV1C441177LT,52770886,用中文谐音说日语，日本人能听懂吗？,4703172,日本vlog
BV1Rj411f7Fq,91101531,肺炎下的真实日本...我妈让我现在赶紧回国....,4681337,日本vlog
BV1hE411C7F6,71407060,3秒送到？日本妹子来中国的第一天就被外卖小哥的速度惊呆了。。。日本妹子中国行第一话,4439126,日本vlog
BV1JU4y1H7wp,674456597,奥运下的真实日本，一边是盛况，一边是挣扎。,4422081,日本vlog
BV1244JzSES1,115349248810811,白袜子走在日本街头，到底会不会脏,4416216,日本vlog
BV1T6gVzfEf9,114890811383497,日本三和酒店地狱级的体验！差点把我送走了...,4377283,日本vlog
BV1aB4y1N7rQ,589113037,到日本四年，英语断崖式进步,4365484,日本vlog
BV1PJ411m7cK,76109291,日本外卖卖什么？中国男子挑战一日三餐只吃外卖结果...,4200160,日本vlog
BV11e411D79b,235789079,日本人去北京，天津，苏州，杭州，常州,4170214,日本vlog
BV1uf4y1H73K,292628187,日本美女嫁到中国,4115438,日本vlog
BV145411u7hK,460651289,男子在日本租了个女朋友，结果...,4101095,日本vlog
BV1nt4y1U7b4,625169009,为什么日本辣妹灭绝了？原来她们都去从事那个行业了....,4089248,日本vlog
BV1E4411m7yH,66247408,日本妹子来中国吃到这个东西竟然哭了…她一共说了多少次好吃？？,4081353,日本vlog
BV1it411j72h,60726967,中国男子在日本吃炸串自助，30多种炸串甜点水果随便吃，隔壁桌的小姐姐都看呆了？,4064695,日本vlog
BV1qj411a7A5,450380415,关于我来秋叶原15分钟就花掉了5万日元这件事，宅男们的第一次秋叶原之旅！,4039581,日本vlog
BV1m8ttzCEVU,114996927273538,日本的中国人多到离谱？东京这条街变成了中国的样子！,3926772,日本vlog
BV1X441197Wv,64908447,vlog29 linlin勇闯牛郎店 对决日本第一牛郎罗兰先生!,3899225,日本vlog
BV1Ft411V7cs,58999505,日本妹子是这么撩汉的！对中国男子真的管用吗？结局真的想不到...,3788227,日本vlog
BV1Qf4y1973G,286753657,开箱326元流水素面机，火遍日本的面条新吃法，有多好吃？,3676907,日本vlog
BV1v87QzvEdq,114615195275027,《关于我第一次一个人去日本就遇到樱花妹还被认作干儿子这件事》—日本关西vlog,1155123,关西旅游
BV13p4y1o7Z1,965431835,亚洲最美？童话仙境？疯狂夜生活？这才是最真实的日本！｜冬日关西之旅,510772,关西旅游
BV1TPM5zxEd4,114661416501473,日本关西最强穷鬼酒店: 三和酒店,467699,关西旅游
BV1wE421L7T2,1654092536,猫meme｜🇯🇵日本人第一次去中国旅游・出发篇,455000,关西旅游
BV1gExqe2E28,113215858084292,【酸崽Vlog】旅行青蛙来电！关西之旅～,318467,关西旅游
BV1bT421y7dF,1703462447,「樱花季关西VLOG」大阪|岚山|神户|冬木,240182,关西旅游
BV14q5Lz5ER6,114477420908538,避开关西的游客，来神户团建啦！,223692,关西旅游
BV1XpUDBJE9b,115610654611091,一中国男游客在日本关西机场从航站楼4层坠落不幸身亡，死者20多岁，与母亲赴日旅游,201534,关西旅游
BV13jbRzwE6b,114915910091829,日本关西VLOG｜京都·神户·大阪｜好逛到每天日行两万步｜入住绝美山景温泉酒店｜跟奈良“坏”鹿斗智斗勇｜SUGGY,177685,关西旅游
BV1L6syzcEYN,115444123963394,去关西机场的列车上会随机发配到和歌山,171578,关西旅游
BV1EpMAzCEFf,114670643971658,超日本特色的穷鬼过夜选项: DVD鉴赏店,158878,关西旅游
BV17pQ9YEEM6,114186705181264,花5k+含机票去日本关西玩9天！清晰讲解住酒店吃美食的性价比玩法～,153757,关西旅游
BV1bii1YkEWU,113609636057078,原田将太当选奈良议员！喜欢奈良的中国朋友这下每个月来一次吧,148283,关西旅游
BV1hRjJzNESN,114557045440718,第一次去霓虹vlog！关西你是真的让我刮目相看啊……,138643,关西旅游
BV14z421D7sb,1353938695,日本旅游的一些至暗时刻，内含踩雷,134035,关西旅游
BV1kb4y1o7v1,630783623,跟日本妹子去关西旅行，看到了超美的夜景🌃,130855,关西旅游
BV1qVWtzDEda,115394195031384,日本小玉猫猫电车～最治愈的奇迹！大阪一日往返萌神攻略,130538,关西旅游
BV1is411e7Ra,7546222,【晚红护肤】旅游买什么之日本关西篇 vlog已更新,129551,关西旅游
BV1qw411y7Bt,319428030,国庆节旅游旺季，中国人赴日旅游人数不及预期。日本关西地区发生异变？热门景点无论是京都岚山还是大阪南街，想找个中国游客竟从未如此难找过，更别说中国的旅游团。满心期,128648,关西旅游
BV1yno7YrERw,114336911591723,和日本关西女友的吵架大战,124159,关西旅游
BV1V97zzhEkk,114607444197868,关西8天7夜：大阪环球影城,121565,关西旅游
BV1X94y1u7zo,368062940,【vlog】日本关西真的很有性价比——,120927,关西旅游
BV1By411i7s3,1956250892,那到底去哪旅游？去不去老王家？,113883,关西旅游
BV1AT421X7eQ,1704412155,2024日本关西自由行 新手攻略 大阪 京都 宇治,113195,关西旅游
BV1pyZ9BNEGs,116092949241275,若中国游客持续不来日本旅游，日本将有多大的经济损失？日媒：仅关西地区，经济损失就将高达3100日元。,98816,关西旅游
BV1as411U7CW,2403348,bilibiliyoo！关西首发团副本攻略预告片！漫游小编强力出击！,97958,关西旅游
BV1VV4y1B7v8,871615302,【高空望世界】大阪 ｜日本关西一哥｜世界后厨房｜摩天轮遍地开花｜,94648,关西旅游
BV1hHmRYPE3p,113485451169671,日本｜可能是最适合新手的日本自由行电车及巴士搭乘攻略｜关西公交｜东京地铁｜日本自由行攻略,93246,关西旅游
BV1hSqUYsEe1,113633610833701,关西Vlog🇯🇵一家三口的旅行✈️好吃的拉面🍜鸭川日落🌄红叶季🍁黄瓜三明治🥪,92528,关西旅游
BV1Rb4y1P7Dd,623980895,小众目的地，点评日本关西兵库、滋贺19个打卡点,89852,关西旅游
BV1ntL8z6EmK,114387310416689,黑神话、李子柒、哪吒、月壤齐上阵！🇨🇳中国馆沉浸式逛展！【2025大阪关西世博会VLOG】,85556,关西旅游
BV1dZ421y7sz,1151252189,纪念20岁一个人的日本旅行（关西篇）,85194,关西旅游
BV17E12YjECd,113266491659269,日本旅游小众好玩儿店收藏！,83108,关西旅游
BV1HM411Q7Gw,535445285,日本旅行vlog｜一个人的关西7日游｜第一站：大阪Osaka,81916,关西旅游
BV1sW4y1G7dN,947404170,[关西腔]对关东进行无情吐槽,81236,关西旅游
BV1yZ421T784,1156280363,日本生活500天后，我的大阪超市好物推介｜超40个买不停的好物有哪些？24小时超市好买吗？关西最3个代表性超市｜日本旅居｜大阪旅游攻略｜2024｜4K,81171,关西旅游
BV11d4y1v77X,391358614,【韦斯·安德森式日本关西之旅 】A Wes Anderson-ish Kansai,79695,关西旅游
BV1NF4m1u7Af,1200152216,去关西机场危！！大阪环状线它会半路断开分头行动啊啊啊！！大阪站1站台详解,79656,关西旅游
BV1ZE411D77L,69748042,【旅行vlog】日本17岁的艺妓陪我吃了一顿饭 这钱花的值,2883329,京都vlog
BV1ym42137vx,1605904586,我们在京都，找到了异世界的入口！,2415722,京都vlog
BV1QC4y1b76V,796553872,日本秋季旅行vlog,1476375,京都vlog
BV1fj411S793,445351564,VLOG108. 奈良鹿总干一些可笑事儿！,1075808,京都vlog
BV1fE411d7EM,71218539,在中国和日本做同样的事情过一天，分别会花多少钱呢？『kei和marin』,893201,京都vlog
BV19E4m1X7ak,1256487692,沉浸式在京都体验一日恶女,792364,京都vlog
BV1tb411e76y,46005614,每天换一套汉服，走遍关西！京都·奈良·大阪 VLOG,587406,京都vlog
BV1nB421r7ZC,1350252289,来京都参加结婚典礼！,560986,京都vlog
BV1WmXUYSExd,114085001691463,在京都遇到罕见暴雪！但没带相机！,525071,京都vlog
BV1ov411Y7PA,246440220,【momo】日本高中完整生活的一天#京都#日本高中留学生#,523271,京都vlog
BV14f4y1a7j2,290479334,【4K HDR】京都樱花散策,519787,京都vlog
BV1cC4y1j7WJ,746827830,京都/一日黑道千金大小姐原来是这样的啊………滴～体验卡^_^,429000,京都vlog
BV1LJ411w7SY,68090183,旅行VLOG03 | 夜漫京都 Fleeting time in Kyoto,410240,京都vlog
BV1C7JuzhEqo,114527383393724,出国了，但没完全出,2691479,大阪vlog
BV1T24y1c7vG,782623183,【改造日本素人计划】😂这还是大家认识的日本宅男松本吗？！,2546222,大阪vlog
BV1xN4y1c7bD,899924286,我看见了这个夏天最绚丽的夜空｜2022大阪淀川花火大会,2024297,大阪vlog
BV1JKWqz7EjV,115383809937274,细节狂魔！日本住宅楼深度体验测评「Vlog」,610849,大阪vlog
BV1N1YyzTEQP,115044759240991,大阪人日常吐槽东京人,555428,大阪vlog
BV1kM411d7bN,536816586,冬天啦~街头灯火通明烟火气满满 大阪烧小料超多 吃起来很嫩～烤米卷软软的口感很不错,492345,大阪vlog
BV15WtpzVE1q,114993571824855,筷子夹起来会抖！大阪难波的‘巧克力云朵’太犯规了,457890,大阪vlog
BV15v411s79N,246284414,大阪人和中国人的区别,454456,大阪vlog
BV1tu411k7UE,510976167,日本大阪探店【蒲烧鳗鱼盖饭】干净又好吃!,406489,大阪vlog
BV18N4y197e4,873190819,在大阪吃个大阪烧有多难～,382385,大阪vlog
BV1Zq99YREbL,114125166354068,藏在大阪平民窟的一人锅，一个老大哥让了一份45元鸡肉锅给我！,373642,大阪vlog
BV12J411t7Zd,79881081,除了东京，大阪，真实的日本可能和你想象的不一样。,365123,大阪vlog
BV1RC4y157A9,746644317,【口袋枫游】日本大阪环球影城主题乐园超级任天堂世界马里奥旅行攻略分享vlog,358774,大阪vlog
BV1j53SzjEnt,114797513279704,探秘日本大阪相扑餐厅！这是人能吃的吗？！,351368,大阪vlog
BV1CZ4y1K7EW,371821368,日本美食 | 怀石料理 |大阪风割烹料理：弧柳,320542,大阪vlog
BV1Tfn9zNEVq,115280780984369,大阪米其林必比登拉面店？！咖喱配鱼介高汤难以想象的一碗拉面竟然意外不错？！,307165,大阪vlog
BV1yb411J7o8,46437772,[旅拍短片]日本京都&amp;奈良&amp;大阪/快节奏/高燃/高能/转场/踩点/剪辑练习/,304521,大阪vlog
BV1hz42187TL,1355787710,松松软软的舒芙蕾满满得蛋香味，小吃街的关东煮种类就很多，忍不住想吃上一份，大阪烧第一次见，口味一般般。,303096,大阪vlog
BV1spzQY4EGQ,113590090597025,38岁不结婚不上班，一个人去日本11天怎么过？（vlog合集）,301796,大阪vlog
BV1tvpgzUESx,115191660418342,迷莉vlog 大阪行2,301692,大阪vlog
BV1rL4y1p7NP,849467741,大阪最乱街区，热血街区如龙7原型，游客注意，西成あいりん,296607,大阪vlog
BV1SE411b734,74011907,大阪旅行VLOG |  这绝对是我心中最可爱的城市！,292371,大阪vlog
BV199B4YKEsr,113538349866051,JENNIE‘s Vlog-大阪Vlog,290343,大阪vlog
BV1jK33zMEA8,114789745429136,日本大阪全是中国银～（库存）,284352,大阪vlog
BV1aA411v77P,328972385,考完之后，up带你去摆摊儿【十元一天 day111】,270959,大阪vlog
BV1Uo7GzCEDw,114590448881827,日本人真排队吃麻辣烫啊？东京这条街已是中国的形状！,3498896,东京vlog
BV1US4y1g7yL,679527298,日本人的脑洞绝了，我反正第一次见!  盘点我在日本逛街遇到的脑洞奇葩产品,3331943,东京vlog
BV1HvX6YdEer,114199908844701,和姐妹来了传说中的xxxx一番街…还得是东京啊…,3088187,东京vlog
BV1uc1BBKEAZ,115488231261713,摄影真是好东西啊，在日本我拿着台相机竟然遇到这种事.....｜刘阳的摄影vlog,2981015,东京vlog
BV1Qb411r7EL,42729200,在东京吃火锅，人均200牛肉任吃不限量！你能吃回本吗丨东京美食VLOG,2980059,东京vlog
BV1Xb41177Bt,47122122,中国姑娘和日本妹子在日本东京街头做了一件从没人做过的事......,2942366,东京vlog
BV1Wt4y1o7Sb,623597371,在镰仓帮两个外国帅哥拍照｜刘阳的摄影vlog,2366255,东京vlog
BV1aNDYYjE3H,113447752763684,烟花大会我没拍到烟花，拍到了这些……｜刘阳的摄影vlog,2093793,东京vlog
BV1Nu4y1E7yp,920622995,别人东京巴厘岛和三亚，我在滁州实现全球度假⛱️,2088385,东京vlog
BV1z54y137wA,845955356,月收入不足2000元的人，在东京是怎么活的？,1886225,东京vlog
BV1Lb41167tJ,42902270,晚上十点半，一起撸个串！这里就是《深夜食堂》的原型丨东京美食VLOG,1821127,东京vlog
BV16KQKY9EXK,114156875287051,我的狗走到哪儿被日本人撸到哪儿......刘阳的摄影vlog之 带着狗狗在东京扫街会是什么体验。,1799376,东京vlog
BV11vM6zFEZj,114677220640171,日本人疯了！大米放娃娃机里，买不到就靠抓！,4002069,日本旅游攻略
BV15FNaz3E73,114695860131566,被日本政府宣布正在消亡的城市，宛如一座“活着的废墟”：楼还崭新，但人没了,3317317,日本旅游攻略
BV1KJK6zWEjE,114755402472169,日本公务员狗都不当？我体验完一天沉默了...,3034872,日本旅游攻略
BV1P38UzNE2s,114948407563049,日本这个岛，房价低到离谱，但你得住在活火山边上，你敢吗？,2955272,日本旅游攻略
BV1k8uBzUE55,114850697057117,日本旅游评价为何两极分化？真香还是祛魅，亲身体验后告诉你真实感受,2824502,日本旅游攻略
BV1Hz42187pH,1355752022,暑假想带孩子在日本玩一趟，这些店千万不要进，因为巨尴尬，到处都是大人的电玩城#日本旅行  #日本私人定制游  #旅行攻略,2422781,日本旅游攻略
BV11Q8EzsEpX,114930489495396,危险警告！中国游客别去奈良了！！ #日本旅游 #日本旅行攻略 #奈良 #奈良小鹿,1929899,日本旅游攻略
BV1ZTN7zuEeW,114702755566322,住进了日本🌊太平洋边上的房子,1753554,日本旅游攻略
BV1sau9zYEQz,114879486759505,一个人去日本玩了10天！！,1479966,日本旅游攻略
BV1dUgzzEEfq,114770971723901,发明这个网站的真的是天才!去日本旅游，这个网站一点过要知道https://anitabi.cn/,1145967,日本旅游攻略
BV1WabCzHEfu,114907924143484,吃的、玩的、连KTV都是为你一个人开，日本根本是单身天堂好吧！难怪要收单身税了,1119630,日本旅游攻略
BV16TNpeNE5r,113956421109075,去日本一定要避雷这7个地方啊！,1070858,日本旅游攻略
BV1JCTuz8E8N,114636032574992,避雷！！花2万去日本，我踩了这些雷！,1016947,日本旅游攻略
BV1uh4y197jK,657406353,江西小伙挑战日本最辣拉面！地狱体验汗如雨下！,942221,日本旅游攻略
BV1xrWEz6Enq,115388994028819,这7种声音，让你直接秒回日本,905548,日本旅游攻略
BV1hcYxzWEGk,115048735315386,6000块穷游日本14天🇯🇵超绝攻略震撼来袭…… 速度让你的诡秘来看，攒够6000即刻出发,893602,日本旅游攻略
BV1xi4y1q7bP,538461643,给想要去日本旅行的你一些建议……【旅游攻略分享】,823349,日本旅游攻略
BV1ec411j72F,268789949,日本攻略｜可能是最适合新手的日本自由行攻略,753124,日本旅游攻略
BV18HdbY2EkB,114305672416768,第一次出国，就别去日本韩国了，推荐这三个国家。#旅游推荐官 #旅行推荐官 #旅游攻略扶持计划  #出国旅游推荐,741343,日本旅游攻略
BV1sE411e7Dz,75400499,【王师傅】日本民宿里居然都有这些？？东京旅游民宿攻略,736075,日本旅游攻略
BV1Kor8YrE6U,113791836620662,好消息这是关于日本真正的百亿补贴！！！坏消息，bug修复了,718563,日本旅游攻略
BV1GZTTzGExs,114635042721833,日本旅游有时真的令人焦头烂额…,674650,日本旅游攻略
BV1NzTszEEdR,114630261212622,真实的日本黑社会老大，外表西装革履为人友善，背后坏事没少干,671053,日本旅游攻略
BV1pvMmzVEAB,114681146510088,速通咖喱在日本的各种小事故【咖喱动画】,658397,日本旅游攻略
BV1kJ4m147Ue,1250272976,拍拍手就去日本咯！,657332,日本旅游攻略
BV1Nt421H74e,1802702986,真正的有钱人去日本都干嘛？今天就用日本国家旅游局透露的数据，给大家透个底,629408,日本旅游攻略
BV1XSKJzGEkA,114742702184802,日本外五县城市长崎？美食博主逛点啥？,625845,日本旅游攻略
BV1Sb421e7fS,1805497273,史上最全秋叶原游玩攻略！珍藏小店大揭秘！,613801,日本旅游攻略
BV17a7hzCE4S,114619708347427,我去了没有中国游客的日本小城——陆奥市｜沉浸式旅游Vlog,608546,日本旅游攻略
BV1cm421g7Vg,1604547051,到日本如何一眼找到同胞，两分钟告诉你,598568,日本旅游攻略
BV1mrnozVEmK,115281351410697,来日本旅游永远不会无聊。。。,592549,日本旅游攻略
BV1Dum2YgExx,113462919438268,日本攻略|我以身入局才整理出来的新手玩法，从路线到美食酒店全方位,581514,日本旅游攻略
BV1mHLmzqEgE,114414875315429,当我用人民币感受日本物价...,578356,日本旅游攻略
BV1xbvDBuE7t,115820202104986,台湾说日本少了大陆客后环境都变好了!我亲自飞来看看!,557730,日本旅游攻略
BV1xP4y1r7Ly,905622830,日本秋叶原保姆级别攻略！看完必不会上当！,552806,日本旅游攻略
BV1Q7h2zLEdc,115107203907990,日本社恐妹妹第一次来北京！挑战喝北京神奇饮料《豆汁》！,523027,日本旅游攻略
BV1Tg4y1T7nu,827560318,日本乌冬面进化事件！全自动流水线？！,522205,日本旅游攻略
BV1fS4y177AA,728607846,日本风俗店泡泡浴攻略——现代青楼,518135,日本旅游攻略
BV1oFWJztEjb,115388792834187,接受不了这些，千万不要去日本旅游#旅游#旅游景点#旅游攻略#旅游推荐官#日本,509836,日本旅游攻略
BV1J9ZmYsED4,114273007177339,日本生存简单模式！当寡妇！！,503972,日本旅游攻略
BV1hYNieRE8B,113983902257420,想来一场日本二次元之旅？    「全网最全二次元旅行攻略！！！」,503177,日本旅游攻略
BV1NH4y1S78S,961087869,到了槟城，我大概明白了为什么马来西亚连续十几年是日本人最想移居的海外国家,474850,日本旅游攻略
BV1Tz4y1p7jo,572735448,日本有一种奇怪的omakase料理，厨师上啥就要吃啥？！,472973,日本旅游攻略
BV1gBCPY1Ebt,113712983705552,挑战大阪日本桥超难娃娃机，被某国游客骂了？,2216711,大阪旅行
BV1DNKSz9EvM,114760586632523,出发日本大阪 他们都不说英语 全流程保姆级攻略  维森来了,1885239,大阪旅行
BV1Vs37zJEkg,114794459830491,我来到日本大阪 人们礼貌热情 大阪旅行保姆级攻略 维森来了,1030886,大阪旅行
BV1PPNme5EJ7,113972711785732,在日本热门城市旅行了4天，我们成了超受欢迎的中国人｜百国旅行第26国-日本（4）,1028365,大阪旅行
BV1RS4y1q7Hk,727059844,如果你曾经历过黑暗，是否还愿带给人光明？打卡日本大阪传奇路边摊，乐观老头筑元丰次！,489333,大阪旅行
BV1GQ5EzhE1s,114359325953931,大阪世博会这个厕所也太叛逆了吧,464487,大阪旅行
BV1VB4y117BW,596169734,大葱堆成山！都说大阪人豪放，今天带你看看传说的葱山拉面！,447724,大阪旅行
BV1ua4y147ab,667873565,峰哥冒死窜访大阪飞田新地，给大家带来绝对一手的资料,340597,大阪旅行
BV1kB4y1P79y,587381468,老大阪路边炸串，地道！,295891,大阪旅行
BV1ov4y1K7Du,553899668,日本的辣也算辣？踢馆大阪拉面辣度天花板！吃完就送5000块！,291073,大阪旅行
BV1FHj1z9Eao,114573537512182,现大阪世博会高达馆门口的高达，不一定斩女，但一定斩男 仿佛来到了现实中的环太平洋，真的太酷了！ #日本 #大阪世博会 #世博会高达 #旅行大玩家,285464,大阪旅行
BV1jF411L7Q1,299160515,在大阪花200多，住一晚酒店能有多爽！在日本过520也要有仪式感！,282179,大阪旅行
BV1uyuuz2EgB,114832611218334,保姆级大阪环球影城攻略！早起+速通玩爆9大园区,279857,大阪旅行
BV1KKdxYcEJR,114303524929752,极致J人女生独闯日本｜8天7晚｜关西自由行｜京都｜大阪｜,277092,大阪旅行
BV17E411Z7fv,70952331,【我的日本自由行】大阪-京都-名古屋-镰仓-东京,268577,大阪旅行
BV16X4y1C7Eg,356327521,一个人的日本旅行：3天大阪 + 6天东京（强烈推荐涩谷、横滨和镰仓）,267952,大阪旅行
BV1Yz4y1s7jX,574284552,为什么大阪人是日本中国人？大阪人和东京人为什么互相嫌弃？逛逛疫情后的心斋桥道顿堀,265982,大阪旅行
BV1v94y1C7Gk,361863682,happy猫日本行第二期大阪旅行，质量有些低,264437,大阪旅行
BV1BYBRYWE6r,113555278004977,我又一个人去日本玩了！大阪篇！,259747,大阪旅行
BV1DjFKexE3H,113893020016452,他最喜欢的中国城市竟然是...?日本一个人旅行vlog大结局,259341,大阪旅行
BV1e84y1q73Q,604253439,在大阪偶遇老乡 泪不泪的不知道反正唠了一路,259240,大阪旅行
BV1LqwxehE7n,113862233819457,日本旅行纪录第一季 合集｜东京-京都-奈良-大阪 经典路线分享,249868,大阪旅行
BV1ifG2zkEXG,114421888255301,中文字幕～日媒航拍大阪世博园、中国馆与美国馆最受欢迎,246824,大阪旅行
BV1ZF411G7Un,299757985,这家日料店垃圾扔满地，可居然还要排队1个小时？！打卡大阪最脏天妇罗店！,243693,大阪旅行
BV1KmTbzbEd8,114631905384042,日本Vlog｜阪进东出七天自由行｜大阪·京都·神户·东京·镰仓·涩谷,238112,大阪旅行
BV1eKmqYnEtZ,113456309080481,VLOG ♡ 跟我一起去京都&amp;大阪吧～,224965,大阪旅行
BV1R7411R7oD,97479336,日本大阪旅游（中）｜黑门市场 答应我必须去！！ 各式料理吃够一整天｜机车党｜生活爱用物小推荐｜哒哒在这儿｜VLOG #20,215516,大阪旅行
BV14E411j7qU,93063236,日本网红电梯，东京天际线,3485778,东京旅行
BV1TqeKekEvc,112969384069634,日本🇯🇵电车痴汉逃跑现场实录,2871981,东京旅行
BV13aKRzrEb5,114748221820441,当我35岁来东京，发现这里真的和动漫里一模一样！,2664633,东京旅行
BV1pqKAzjEgm,114714348621681,伊豆-东京！再过一次高考后的暑假..🚲🍃新海诚动漫巡礼！,2068663,东京旅行
BV12XNHeyEbu,113956303669926,♡日本 青春の旅行碎片 ‧₊✧,1930418,东京旅行
BV1EP41177Go,303895940,东京涩谷女生超爱的小熊温泉火锅！,1835780,东京旅行
BV16ccizHESi,116056878224684,东京这家和牛烧肉有点东西！好吃！！,1652354,东京旅行
BV1SHh2zkEcV,115107153579908,Vlog｜回美上班前再去趟东京｜动漫世界篇,1496321,东京旅行
BV1DY41187eD,253088204,好牛肉只需要轻轻一烤，一点点海盐就很鲜美，别烤老了,7637276,日本探店
BV1K94y147iN,362841504,探秘日本最大的女仆店！太社死了！秋叶原女仆一条街！,6233909,日本探店
BV1wj421R7Z5,1652513845,吃饭还能玩扭蛋！日本平价寿司巨头KURA寿司怎么样？,5110075,日本探店
BV1jG411N7cB,434022396,鳗鱼来自地球上最深的裂缝处，它是如何变成蒲烧鳗鱼盖浇饭的？,4205846,日本探店
BV1Zh411R7wh,201606977,日本也要跟风禁用中国app？日本网友：禁了我当场反日！太真实了,17742531,日本打卡
BV1rS4y1b7cU,726502418,"【Yuuka Sagawa】日本体态大师改善驼背，瘦脸，肩颈锻炼，适合长期坐着的上班族,运动可以让我们的肩颈挺立器来，对提升气质友好",15504734,日本打卡
BV13T4y1E7Df,926326180,当新疆人在日本留学久了！,11915451,日本打卡
BV1Kq4y1p7pf,546980294,日本运动员接受采访第一句道出了中文，随后切换日文,10868044,日本打卡
BV1KT4y1J7Nx,925971200,日本网友评论，当中国人叫我们“小日本”时！反应亮了！评论笑死了！,10737539,日本打卡
BV1cE411n7H1,92712329,日本停课！于是钉钉火到日本！却“惨遭”日本网友。。,10147534,日本打卡
BV1EN411R7q6,501577140,评分9.8的神作！看完后你还敢喜欢上日本“JK少女”吗？,8309366,日本打卡
BV1Gh411X7aL,204707654,日本女主播收到地震预警当场秒变脸 瞬间切换表情报道 网友：专业！,7867021,日本打卡
BV1KK4y1K7Ls,887516637,兄弟，这是个日本人,7391249,日本打卡
BV1ah411S7qY,205235423,日本投放核废水后  这就是变异的鱼,7380174,日本打卡
BV1nb4y1J7vY,635714663,日本三大悬案之一，可口可乐无差别投毒案，不快乐的快乐水！,7322514,日本打卡
BV1aX4y1N7CK,713993701,中国小伙正面硬刚日本黑社会！对手极其擅长假动作过人！,7124348,日本打卡
BV1Lb4y117t3,633264030,日本邻居：这中国人过得到底是什么日子？,6555825,日本打卡
BV19u41117XW,508471486,日本地狱级瘦腿操！传说大腿月瘦13cm！躺着就能练！,5718815,日本打卡
BV1Ep4y1973L,968019246,小米新广告涉嫌辱日，被日本网友气的骂上日推热搜,5516419,日本打卡
BV1ZK411c7Dq,502349949,黑道大佬现场指导小弟上演日本动作大片，就是太磨叽！,5157941,日本打卡
BV1pQ4y1h7qe,720135754,【波兰球】日本美食,4965970,日本打卡
BV1fb4y1d7yG,631160965,《钝感力》一本恶心全体女性的书｜一起看看日本恶臭普信男｜厌女气息太重令人窒息！,4848171,日本打卡
BV1kg4y1f7ZK,834325689,来日本我只做一件事！爆改皮肤！,4713869,日本打卡
BV1AB4y1w7Nj,587943749,日本网友剪的中国阅兵视频火爆油管 日本网友：我想抗日,4670406,日本打卡
BV1h44y1i7xX,976451158,试吃日本魔鬼辣薯片，几口下去当场懵逼…,4535547,日本打卡
BV15Z4y1x7J6,370189806,惊了！东京电视台居然播放了疫情新闻！日本网友：日本药丸！世界要毁灭了！【冲浪吐槽06】,4361345,日本打卡
BV1NC4y1s7SZ,795100247,意大利把欧盟旗帜换成中国国旗 日本网友：欧洲各国都在抢中国的物资！,3924855,日本打卡
BV1X5411P7cs,459758117,当《那兔》被传到日本论坛，火了！日本网友热议：凭啥叫我们脚盆鸡？,3919081,日本打卡
BV1B34y147LP,810215525,买了个日本的“拧瓶盖”神器！号称不管大小瓶盖都能轻松拧开?,3881457,日本打卡
BV1G34y1D7Yh,805672221,【波兰球】日本美食  第二集,3704054,日本打卡
BV1Aa4y1a7mW,668801484,日本性教育动画,3642489,日本打卡
BV1RQ4y1k7o3,718194950,【波兰球】日本美食 第三集,3579113,日本打卡
BV1qB4y1D7v1,597222803,【波兰球】日本入常,3483793,日本打卡
BV1nP4y137S9,892085735,惊了日本初中英语书也太二次元了吧,3434940,日本打卡
BV1pP4y177UD,893267180,日本出生的中国孩子 护照过期了应该去哪换,3423802,日本打卡
BV1HJ41127K3,76460872,日本妹子好单纯？用辣条伪装北京烤鸭骗她，一口下去竟对我口吐芬芳…,3410546,日本打卡
BV1Gb4y1t7x7,636721688,日本网友竟将“韩国运动员冬奥村吃饭”丑照，霸屏在日本搜索网站,3300781,日本打卡
BV1jy4y1Y7hQ,799104917,中国海警被赋予开火权后，在钓鱼岛驱离日本渔船，日本称不能容忍,3207743,日本打卡
BV1Av41177B1,247508249,被日本绿茶小学生碰瓷 后续,3190964,日本打卡
BV1Vv411B78g,243573379,危！特朗普支持率严重低于拜登！日本网友和美国网友却开始疯狂嘲笑川普...【冲浪吐槽18】,3151287,日本打卡
BV1aS4y1D74a,724801980,白象一家拒绝日本的企业！然而有多少人知道白象？,3084408,日本打卡
BV1gR4y1w7P1,341736615,日本顶级巧克力制作过程，全程竟像玩稀泥，看完真的太解压了,3050427,日本打卡
BV1BS4y1n7Pv,728073317,为什么你听不懂日本人说的日语呢？教科书上的日语vs实际上的日语,2817733,日本打卡
BV1Xv411G71w,248265725,日本倾倒核污水后的世界！,2792620,日本打卡
BV1FF411J7rK,296746965,日本人的包装设计竟然有一丢丢的可爱蠢萌,2763545,日本打卡
BV1za411F7J9,203049233,韩国网友：和韩国比，中国就是井底蛙！日本人评论笑疯了！网友：你确定说的不是自己？！,2751501,日本打卡
BV1qz4y12733,586753210,操日本？,2684316,日本打卡
BV1Pb4y1o7EG,631145651,成龙在日本究竟多受欢迎？这一跳价值31亿！无数动画争相模仿致敬,2610282,日本打卡
BV1vr4y1T7nX,756139168,看完后，你还敢和日本美少女交往吗？,2541718,日本打卡
BV1KB4y1M7gi,588596724,女孩身材太好，平时不敢坐公交，坐一次尴尬一次！日本片,2513404,日本打卡
BV1MK411u7re,501098946,当日本独居小哥的生活迎来一只小柴犬……油管千万播放的柴犬比奈来啦,2503758,日本打卡
BV1zu41167FX,511668968,日本人看中国新闻野兽先辈反应,2482618,日本打卡
BV1hV411y7e7,415053200,日本民众如何看待南京大屠杀？,2426373,日本打卡
BV1kZ4y1c7Yf,375035806,拍视频火了 居然被日本的小学生碰瓷！请喝“绿茶”,2387871,日本打卡
BV1r54y1q7jM,841405939,那些辱华游戏凭什么藐视咱们国人？日本题材游戏《对马岛之鬼》辱华了吗？【游戏万事屋】,2379472,日本打卡
BV1WL411E7Qo,462176604,日本双脚离地竞走姿势,2376340,日本打卡
BV1jP41177Ni,303919542,在日本的电车上，居然被陌生小姐姐躺肩膀了，我该怎么和女朋友解释？,2354173,日本打卡
BV1o54y1L7XL,845196330,茄子：周淑怡你长的好像日本一个女明星，周淑怡瞬间被破防,2332489,日本打卡
BV1DW411y73S,33389665,我绝不承认这是一个关西攻略视频！,112753,关西攻略
BV1rT421a7KL,1705848616,24年最全日本关西攻略上集｜大阪京都神户和歌山详细攻略,40995,关西攻略
BV1ZWtmzJE9K,114993051801933,没去就白来了！京都最经典一日游线路，浓缩50+%古建精华，何以京都！,28887,关西攻略
BV1rD421E7z9,1501779755,3月底前去关西的注意了❗️捡便宜就趁现在❗️,11508,关西攻略
BV1FPFke3EHE,113934610732855,大阪vlog｜春意流动⋆˚𝜗𝜚我问我的一生有多少个春天如此般闲逸美好呢,10263,关西攻略
BV1Uw4m1r7js,1106259247,畅游关西10天(下)，票券攻略最少省1万❗️,9862,关西攻略
BV1zZLZzXE9y,114405765285464,日本旅游攻略篇｜超详细的碎碎念版关西旅游攻略｜签证｜机票｜住宿｜过关｜交通｜退税｜电话卡｜以及境外如何免费接电话｜行程安排｜游玩推荐｜,4838,关西攻略
BV1Et411M7bn,62279999,关西攻略 PART 1,3115,关西攻略
BV1Wb411t7Vy,47437450,关西攻略 | 穷游日本锦囊/京都大阪避开人群/冷门景点打卡,3011,关西攻略
BV1rJ411g7bp,68650517,【关西攻略】杜如风 粤语中字,2869,关西攻略
BV1Q2jBzpEzC,114586388793077,关西｜神户3天深度逛吃攻略，含citywalk路线｜小众治愈之旅✨,2210,关西攻略
BV16x411x7Kr,14164899,Issy&#x27;s Vlog #10 日本必吃升天蛋糕HARBS,1935,关西攻略
BV1Et411M74f,62280014,关西攻略 PART 2,1709,关西攻略
BV1ut411X751,37086623,KANSAI VLOG 關西攻略 | 神戶篇,1374,关西攻略
BV1m4411X7MT,63089724,关西攻略 PART 3,1262,关西攻略
BV1YsXFBDEKA,116278975077020,关西攻略｜当一次樱花贵族到底能看到什么景色,1250,关西攻略
BV1m4411X7Kb,63089747,关西攻略 PART 5,1000,关西攻略
BV1m4411X7Kq,63089739,关西攻略 PART 4,970,关西攻略
BV1vx411D7xK,9955691,30分钟游关西！【2017岛国游】总集篇~狸猫很烦之关西攻略~,969,关西攻略
BV1V4411Q7M1,63338907,关西攻略 PART 8,934,关西攻略
BV1m4411X7KH,63089754,关西攻略 PART 6,909,关西攻略
BV144411S7pw,63480349,关西攻略 PART 7,855,关西攻略
BV1V4411Q7uy,63338914,关西攻略 PART 9,848,关西攻略
BV1M4411S7Tk,63943204,关西攻略 PART 12,790,关西攻略
BV144411S7n9,63480415,关西攻略 PART 10,787,关西攻略
BV144411S7H8,63480444,关西攻略 PART 11,744,关西攻略
BV1M4411S7TH,63943216,关西攻略 PART 13,722,关西攻略
BV1w8GLzwEhH,114813149645938,在日本大阪100多的青年公寓和1000元的高级酒店有啥区别？#关西攻略#大阪选酒店,688,关西攻略
BV1HgxFe4Eq2,113209180685154,日本7天6晚关西攻略替你们整理好了,658,关西攻略
BV1Wx411D71U,9917760,你会跳极乐净土吗？【2017岛国游】06.大阪篇（一）~狸猫很烦之关西攻略,651,关西攻略
BV15jguzfEtd,114871953787023,关西攻略之环球影城！粉丝催更很久了，这次介绍的是交通篇！如何乘坐JR到USJ#大阪环球影城 #USJ  #日式温泉,639,关西攻略
BV1Ws411x7ia,6994538,嵯峨野观光小火车,616,关西攻略
BV1dr3rzRE82,114809173445380,关西攻略来啦！第一集：黑门市场。早上10点去最好！,596,关西攻略
BV1zVMdz8E1s,114841285037147,我们中国馆是最棒的！大阪世博会攻略第4集 #大阪世博会＃日本大阪＃关西攻略,564,关西攻略
BV1q63rz4EKT,114809190353512,关西攻略：第二集—心斋桥 #中山央美梁博士 #日本关西攻略,544,关西攻略
BV1Kt4y1278L,625229386,穷苦老阿姨关西攻略分享。关于行程，住宿，吃饭，购物！6000元搞定！,530,关西攻略
BV1Px411D7s1,9852863,穿上和服去祈愿~【2017岛国游】03.京都篇（二）~狸猫很烦之关西攻略,519,关西攻略
BV1D9bEzFE5x,115030817247090,日本关西攻略|伏见稻荷、清水寺、心斋桥、宇治、大阪世博会,453,关西攻略
BV1At411X7PJ,37033172,KANSAI VLOG 關西攻略 | 環球影城 萬聖節篇,451,关西攻略
BV1RKuMzXEjK,114831537474153,关西攻略之买电器篇—爱电王！,445,关西攻略
BV1cx411D7GC,9813477,漂洋过海三人行！【2017岛国游】01.出发篇~狸猫很烦之关西攻略~,428,关西攻略
BV1mAEWzVEvK,114515421171345,了不得了 在日本海边骑自行车了🚴🏻,417,关西攻略
BV16x411D7VF,9939069,不要这样的惊喜啊！【2017岛国游】07.大阪篇（二）~狸猫很烦之关西攻略,393,关西攻略
BV13fuHzRE1f,114858733338670,大阪世博会最后一集：夜景灯光效果。 #大阪世博会  #关西攻略,367,关西攻略
BV1wJgbzbEcb,114883278405877,关西攻略之：云游NHK和大阪城公园#日本放送#NHK #十亿流量扶持计划 #中山学画画,363,关西攻略
BV15FvWB5E48,115801076073554,关西の吃喝 | 京都 | 大阪 | 神户 | 有马,359,关西攻略
BV1ox411S7Fx,9827646,在古城空手套白鱼？！【2017岛国游】02.京都篇（一）~狸猫很烦之关西攻略,327,关西攻略
BV1nx411D7EB,9871514,抹茶控的执念！【2017岛国游】04.京都篇（三）~狸猫很烦之关西攻略,312,关西攻略
BV18UYDztEdb,115064338125551,「关西旅行新手必看」第一次去日本关西攻略怎么做这条视频帮你打开思路撸顺路线,293,关西攻略
BV1rE411B7iU,74698110,大阪也有筑地？打卡点新到没有地标？｜关西趴趴走 #01：泉佐野半天游,249,关西攻略
BV1rb411W7QJ,47764868,出逃世界·霓虹关西攻略,244,关西攻略
BV1wA4m13774,1100752319,关西攻略Vlog｜Kyoto京都｜Osaka大阪｜Nara奈良 一些旅行碎片,233,关西攻略
BV1h427BDEyS,115667009274901,关西咖啡 | anthem | taoca | terminal| inoda | gokago | songbird | clamp | voice | 小川,200,关西攻略
BV1h2HLeVE8y,113050636060726,日本关西攻略❗️大阪➡️奈良Vlog～,197,关西攻略
BV19tLdzvEuf,114403047381704,🔥大阪Day2！打卡天守阁+通天阁,187,关西攻略
BV19x411D7pU,9493864,【2017岛国游】狸猫很烦之关西攻略~花絮,161,关西攻略
BV1Zs411C7SP,5704463,关西旅游随手拍的录像,158,关西攻略
BV16D421u79o,1505233480,3 日本 关西 攻略,137,关西攻略
BV12x4y1C7jy,1000631108,伊根旅游～关西攻略,137,关西攻略
BV1cb411E7FM,47179367,为了看樱花的关西攻略，这个绘马是我拍的不是我写的哈哈哈哈哈哈哈,131,关西攻略
BV1RU2dY6EQ9,113310229929439,在日本，比樱花更美的只能是枫叶！【4K实拍/赏秋攻略】,304648,京都攻略
BV1Bg4y187kz,837722359,【阴阳师】干货！京都万事屋收益最大化全攻略！到底做哪个委托最划算？经验策略总结,280286,京都攻略
BV1fU421o7wr,1500023827,当我独自一人速通京都 伊豆 横滨和东京......,227960,京都攻略
BV1Lw4m1k7bu,1106376350,京都｜说点关于京都的大实话，去京都前最好来看一看｜住宿、交通、带娃,218877,京都攻略
BV111oKBNEit,116435808425754,卖披萨的河南菜？老郑州京都料理！,198155,京都攻略
BV1KLoPYBEMt,114345501524064,搭新干线去京都，行程满满地一天｜火车便当｜富士山｜京都站｜鸭川｜河合神社｜下鸭神社｜天满宫｜锦市场｜大阪｜日本旅行vlog,193789,京都攻略
BV1M9yUYTEdg,113367020738053,全日本最古老的宿舍，京都大学吉田寮，你愿意住这样的大学宿舍吗,170230,京都攻略
BV1Wp4y1V7qf,956752318,青城山高品质时光！每一帧都像“电影播放”！“马尔代夫”还是“京都”、“大唐”？值得去感受一下！,169433,京都攻略
BV114EFzzE1V,114500187463582,性价比NO.1！第一次去京都最值得去的地方没有之一！京都小众一日游玩路线攻略，配景点详细解说！,167504,京都攻略
BV1Cu4y197kw,829863583,日本关西自由行攻略｜广告导演带你深度玩转京都、奈良、大阪【第一话】,157394,京都攻略
BV1nT421S7gL,1704900200,日本7天6晚特种兵旅行攻略，打卡3个城市20多个景点！,157256,京都攻略
BV1Hk9tY4E1q,114092064964683,在日本京都吃路边摊是什么样的体验？,148233,京都攻略
BV1JMzSBBEB5,115954419763391,让自己不那么像游客的日本京都玩法，是怎么样的,145724,京都攻略
BV1zt4y1S7ep,627002019,【阴阳师】挂机轻松过 雪女秘闻十层攻略 缚骨清姬永远的神,145037,京都攻略
BV1QtBGYdEBo,113649012180826,一年五刷京都后得出的拉面攻略,142500,京都攻略
BV1Sw3dzUEpe,114800214479886,微风吹拂，在京都山间听夏日虫鸣🎐 | 岚山佑斋亭,137335,京都攻略
BV1354y1C7PS,842447535,日本妻子带我玩京都（果然和自己看攻略不一样！）【中日夫妻vlog】,136832,京都攻略
BV13SMuzJEU5,114675274487811,京都VLOG｜穿越隧道步入千寻的夏天｜比睿山徒步逛寺庙｜东寺赶集又遇玛芬店｜收集好看的御朱印｜逛京都本地超市｜找到最爱的早餐喫茶店！,130149,京都攻略
BV12x4y1Z7mh,1000181845,春节档～十日东京京都日本游～遛娃攻略,128616,京都攻略
BV1QB76z8ETQ,114607024770963,「日本vlog」#京都会是本次旅行中的高光城市！｜大力坻 天妇罗乌冬｜永观堂｜蓝瓶子｜日本限定松饼麦满分｜神户牛铁板烧 和黑｜日本地铁站美食 华夫饼&amp;红豆车轮饼,127842,京都攻略
BV1pM4y1M7vv,931531477,【玩心】赛博和尚会梦见电子菩萨吗？来自1993年的开放世界「京都宇宙学」Cosmology of Kyoto【玩心】,127314,京都攻略
BV1f64y1u7WR,582726268,【阴阳师】体服全新活动京都万事屋！看起来很轻松？挂机就拿ssr和久次良新皮肤～,125121,京都攻略
BV1ssC2YsEZC,113327325841345,被全家🍙硬控了2天，大阪奈良京都4天吃喝vlog攻略,123538,京都攻略
BV1Xh4y1C7sM,659264943,所以说圣地巡礼前一定要先查好攻略和开放时间,123520,京都攻略
BV1PbjMzWExN,114566759456588,【闪耀优俊少女】天秤杯群英联赛|京都3000菊花赏|赛道|种马|战马|阵容|配卡指南,118129,京都攻略
BV1Gj421D7qc,1651239930,600元一锅的寿喜烧，京都150多年老店，打破了对寿喜烧的认知！,113658,京都攻略
BV1rb411T7ok,48805068,日本住宿攻略，来东京和京都住这里，既方便又省钱！,107237,京都攻略
BV1st4y127H2,625283516,【阴阳师】京都万事屋看不懂？最详细的攻略！做这3件事就能收益最大化,105055,京都攻略
BV1TYNkzbEUc,114718928803640,神户VLOG｜感受海滨城市的日与夜 晴天和阴天｜收回一个神户重返京都？｜逛食材超市 买烘焙用品｜吃都是本地人排队的炒面｜成功打卡百万夜景之一！,103250,京都攻略
BV1hCgMzHE3U,114870376730518,③ P人旅游丨京都篇（下）丨鳗鱼饭丨和牛泡面丨鲷鱼烧丨任天堂本部,98867,京都攻略
BV1tfk4YiEyf,113689076175248,老任你究竟在搞什么？入场安检把我兜都掏干净了？| 任天堂博物馆沉浸式体验vlog+超完全攻略,98182,京都攻略
BV1EoMHzAEp4,114665107491709,深度探索京都的旅行vlog｜百鬼夜行｜八坂神社｜知恩院｜平安神宫｜哲学之道｜东映太秦映画村｜EVA｜神前式,96602,京都攻略
BV1xs411g7Pv,28716357,【丢丢】Japan Vlog 【日本7日游】东京 + 京都 + 大阪 | 吃、住、购物 全攻略 | 环球影城 | 和牛 | 药妆,96098,京都攻略
BV1FJ4m1V7yG,1252873881,（日本篇🇯🇵）对自己做的攻略很满意！,94369,京都攻略
BV1ext1zgENw,114991927659763,34岁日本主妇进城🤪看京都人吐槽京都人,91484,京都攻略
BV125XpYjEYq,114204589686851,日本vlog｜8天人均8k自由行 大阪京都奈良东京富士山（第一期）,91295,京都攻略
BV1u56qY8EKn,113756990343559,【4K 径山寺】不做中国小京都，它是世界的径山寺，径山寺深度攻略。,90955,京都攻略
BV15y4y1w7dX,790618396,日本之旅Vlog-7 | 京都｜伏见稻荷大社｜千本鸟居｜百年和果子店｜虎屋果寮｜鸭川｜回转寿司｜京都御所｜美食街｜锦市场｜寺町通,88317,京都攻略
BV1xw411G7Di,325438490,东京/大阪/京都 任天堂中心游玩攻略,87635,京都攻略
BV1y4411M7G6,54720784,【日留说】 从清华大学跨专业合格京都大学，追星少女的日本留学奖学金攻略！,87161,京都攻略
BV1qE411E7ej,92993361,【京都云课】榜一一目连教你玩转最强辅助——风神,85977,京都攻略
BV1VJ411k74g,79363713,【阴阳师】京都决战第一天，破土茶几打出过亿伤害,85909,京都攻略
BV19gwneCEPq,113841916612567,「守江山」的压迫感你感受到了吗？欲戴皇冠，必受其重，你害怕皇冠的重量吗？,1837454,箱根
BV1NBwVeGEyJ,113837621646862,现实版强风吹拂|超详细解说101回箱根驿传,1503937,箱根
BV1sY411s7PQ,251996129,【成为大迫杰】——本是流星划过，却点燃了看到他的人,1222211,箱根
BV1Qx41177Ff,15819170,【翻译】【旅游】奇特的温泉打开方式 日本箱根饮品温泉 - 绿茶红酒咖啡？？？,1062080,箱根
BV1M2421P72y,1602050646,【邓肯】夜探东京闹鬼圣地 户山公园丨诡异的厕所水龙头丨箱根山上的老人丨自己动的秋千？,991043,箱根
BV1pRr5YoEfR,113782105835268,动作变形的那一刻我真的很想赢,986385,箱根
BV1VpQBYPEEg,114176890641737,苦练的折返技术用上了。,945838,箱根
BV1bgxMebEL2,113214935270552,当队友最后一个过来时，你还能保持微笑吗,942519,箱根
BV1LPi2YWEht,113594234572640,我明明已经稳稳的超过他了，但是不知道为什么，他的步伐逐渐加快，甚至超过了我，嘴里还喊着家人和伙伴这些羁绊,923491,箱根
BV1Yb4y1i78X,634708742,【箱根】秋の温泉で癒される28歳独身女【親孝行】,864605,箱根
BV1xr4y1F73Y,755267033,【东京行动】央视箱根驿传纪录片，现实版强风吹拂,808953,箱根
BV1We4y1T7Qq,648548327,前方高能！这一幕仿佛漫画里才有！他反超的那一刻好像在发光,787052,箱根
BV1Uq6BYYE4M,113758299032691,所有人都在追他，只有他在追哥哥的记录,768405,箱根
BV1zQ4y1x71w,706631521,前不久的全日本女子驿传再现了《强风吹拂》神童虐心一幕,759360,箱根
BV1YJcKzoEiR,116039262142640,把自己的补给递出的那一刻，输赢早已不是唯一的答案,727892,箱根
BV1HjKGeGE2S,113988968911469,当身体达到极限 意志力会带你杀出重围,709703,箱根
BV1fQ4y1V7yR,706942884,你好，可以去你家给你做饭吗？假期游玩第四弹-箱根篇！,658885,箱根
BV1nLXzYDEjd,114198365407845,不破带你顺一顺,630984,箱根
BV1ck4y1V7A7,743837696,VLOG66/东京&amp;箱根的快乐碎片：）,571199,箱根
BV1n7ivBsESQ,115830486472937,当国家级爬坡遇上世界顶级爬坡，工藤慎作vs黑田朝日,561957,箱根
BV1YR6XY7Ert,113751000879000,2025年，一往无前,533857,箱根
BV1WQDBYJERa,113452618088462,狭路相逢勇者胜，这就是体育竞技的精神,531349,箱根
BV1J34y1D7hy,805730688,箱根驿传x强风吹拂——跑下去的意义,519095,箱根
BV11M411C7sR,520331070,被同一个女孩甩了三次的男孩到底跑得有多快？青山学院饭田贵之来告诉你。,511265,箱根
BV1f24y1Y71K,692373481,致敬新田飒|“自杀式”跑法的首秀与告别|2023箱根驿传|99回往路|1区,507748,箱根
BV1VE421P7H1,1656184569,“腿部骨折无法站立，可是我的队友还再等我”,504905,箱根
BV1zQfSYtEh3,113900720820508,可曾听闻“下山的神”？,503732,箱根
BV1kc4GzsE79,115360841927289,我明明已经超过他了，为什么他的步伐越来越快,502463,箱根
BV1Bt4y1d7UM,623416761,这帮大学生们体测能及格吗,500296,箱根
BV1Ny6BYfEYU,113757946777408,青学王牌的箱根最后一舞,464350,箱根
BV1EcrsYyETQ,113769690763203,这就是队长的温柔与魅力！,464197,箱根
BV1wi4y1z7VQ,538216247,箱根驿传比赛为什么能这么火！可能就是因为这群大学生们代表了体育中勇于拼搏的精神！,458875,箱根
BV1cwiPBNEgE,115809548507385,这还是我们认识的大学长跑吗？「史上最强混战！」102回箱根驿传前瞻，一场前所未有的神仙打架！,450131,箱根
BV1g64y1E7Pd,580653309,决胜！第100回箱根驿传，青山学院重新夺回冠军,439793,箱根
BV1AeNBzGEeR,114700071212208,动漫版热血的长跑盛宴|99回箱根驿传超详细解说,438984,箱根
BV1NVR9YKEs6,114282721186576,“区间奖差的这2秒，是因为我回望了最重要的人”,435934,箱根
BV1qrQXYjEDX,114186822620774,队长不一定最强，但一定是最稳的,433724,箱根
BV1Zs411i7am,4858327,【飙速宅男】模仿卷岛和御堂筋爬坡,433710,箱根
BV1xC4y1Q7uo,792339022,【强风吹拂五周年纪念MAD】 无可替代的我们 【bilibiliMAD创作大赛/风华回战2023】,433284,箱根
BV11xznBYEjV,115936099043638,箱根之巅最顶级的战斗！青山学院究极逆转！新山神降临！102回箱根驿传详细解说：五区,431413,箱根
BV1V4F5eQEpb,113915568657991,“队友还在等我 我不能输”,430527,箱根
BV1k7UwBbENz,115596796629287,“600万播放的离婚樱花妹沦为我的工具人了😨“箱根枫叶吉姆尼改装介绍,430467,箱根
BV1Zt411s7Ro,40367442,《强风吹拂》现实世界是什么样？看看日本人解释箱根驿传【绅士大概一分钟】,410904,箱根
BV1nY4y1p7ru,640178274,日本森林中的私人温泉！想24h和女友泡在里面。。。,410472,箱根
BV1TG4116714,410778429,箱根六区考验勇气，一路狂飙。,408832,箱根
BV1Yd4y1T7QN,344106858,箱根艺伎-EVA-残酷天使的行动纲领,405811,箱根
BV16G4y1y7jh,862602697,箱根驿传各区间记录保持者以及配速,401679,箱根
BV1tj411d7WD,445930104,【鞋吧说】你喜欢跑步吗？| 什么是箱根驿传？,397683,箱根
BV1Cg4y1S7Ct,836236252,100回箱根驿传青山学院复路交接棒合集，每个选手都拼到用尽最后一丝力气！,393470,箱根
BV1Wt4EeDEKw,113122861910761,带着遗憾毕业的大五生,393051,箱根
BV1u24y1F7sk,782927830,你们说，上山难跑还是下山难跑？,390643,箱根
BV1Ge41117CW,238895840,只有跑步的人才知道王子到底有多厉害吧,386946,箱根
BV1Ca4rejE63,113119120594146,来自箱根的牛排盖饭，大快朵颐中，五郎就这么被征服了,384046,箱根
BV1DQFGzKEaz,116004264940923,[青]为什么说久坐最怕上坡跑？箱根山神の体态回正术,376912,箱根
BV1LP6qYTEiy,113756839351318,第101届箱根驿传比赛，带你们现场感受比赛氛围！,375347,箱根
BV1vr421F783,1405833822,一生要强的四个女人差点饿似在异国街头！日本吃的真一言难尽啊,372488,箱根
BV1i8411576z,220887603,“疾影随风起——不破圣衣来”,362553,箱根
BV1sc411c7w6,274182376,“31岁的体育老师 辞掉工作 只为完成自己の箱根梦” 在98回箱根驿传上 来自骏河台大的今井隆生 在克服了时间的考验站在了箱根4区的赛道上 完成了自己的箱根梦！,351778,箱根
BV1xa4y1q74m,665655389,你喜欢跑步吗？动漫照进了现实，你们喜欢哪支队伍呢？,350247,箱根
BV1ta4y1i7iP,668088925,没动力？大迫杰12年的跑步进化「未完成的未来！挑战者」,349935,箱根
BV1BY411h783,253211738,这里不是韩国更不是日本，这里是中国威海。,3962428,镰仓
BV1bL411g7Xc,463745316,小红书的“照骗”有多离谱？小镰仓遍地开花,3001091,镰仓
BV1H4h7z2Ed5,114951528125917,饭又冷 汤又淡 上阵还能心不乱？——日本武士的餐桌（镰仓时代篇）,1810441,镰仓
BV1nL411G73i,463621274,遍地小镰仓，人均BBA，小红书还值得你信任吗？,1711763,镰仓
BV1H54y1S7mN,838937854,【木棉花代理】无能力者娜娜 PV,1566651,镰仓
BV1B7411r72C,85446971,胶片旅拍｜镰仓（Pentax67ii &amp; NikonF3）,1555127,镰仓
BV1MU4y1N7D9,675499101,光怪陆离的奇幻故事，诠释日本独特的死亡文化！《镰仓物语》,1436507,镰仓
BV1t84y1o74S,617408883,镰仓高校前〈我看过〉真的是看海的样子,1393830,镰仓
BV1Su411Z7CR,506080018,灌篮高手镰仓——妈妈艺术难道就不值得尊重吗,1111482,镰仓
BV1pP4y1b7pm,891246233,“名媛”炫富，种草。小红书是如何掏空你的钱包？,1022364,镰仓
BV1VLwReuEaU,114017708349530,镰仓最好吃的鳗鱼和玉子烧  店名 : はんななりいなり 住所 : 〒神奈川県鎌倉市小町２丁目８−６最近车站：镰仓站,925140,镰仓
BV1dG4y1m7xr,862188129,无烤箱，无泡打粉，1个鸡蛋做日式舒芙蕾早餐松饼。,923373,镰仓
BV1Lj41187zN,448873118,你好可以去你家给你做饭吗？假期游玩篇2！镰仓篇！,849938,镰仓
BV1Tb411c7Yg,35465461,日本奇幻电影《镰仓物语》：日本女孩嫁到一个奇怪的村子，摔一跤把身体也丢了！,836953,镰仓
BV1t24y1C7VD,690549620,鸡蛋三明治的做法，日本便利店三明治不动的C位。,831502,镰仓
BV12J411m7TM,76249481,用【新海诚】的方式打开镰仓，进来被治愈吧！,777550,镰仓
BV1wJWAecENC,112980456900567,日本镰仓，在火车经过前，一大妈快速闯过,751147,镰仓
BV1hw4m1k7V8,1106391252,【4k】24年镰仓花火大会全场精华版 ｜irkyar,749513,镰仓
BV1r4411i7FW,51552532,【日本Vlog】从北京到东京-异国的中日情侣终于又见面了！,733879,镰仓
BV1XK411p7bg,498534277,有想象力就能为所欲为的世界,730205,镰仓
BV1xB4y167wn,599394063,【历史饭】镰仓时代的餐食（武士篇）,684466,镰仓
BV1H44y1Y7LH,976854964,电线杆拉满氛围？全国60多个小镰仓，实地测评：火车道、水库旁、路中央！,681928,镰仓
BV1gY93YbEoL,114081461768182,日本镰仓禁食令，到底有多离谱？禁止游客街头吃东西,623183,镰仓
BV1dcyTYhEkB,113322980548156,日本高中生，如同漫画般的青春人生,602870,镰仓
BV1Fb421b7YH,1804397774,感受镰仓：倒挂列车，江之岛，大海，沙滩，文化。,586420,镰仓
BV19p421Z7oE,1850135107,“哥哥说这是先天JK圣体”,540324,镰仓
BV1LJUrBhEay,115604044390070,镰仓物语2：男子戳破天花板，发现里面住着一个穷神,532997,镰仓
BV11Y411b74N,253367202,【Fate/Grand Order】限时活动「来吧，向镰仓道别~小小大天狗~」举办！,529207,镰仓
BV1Km42137NW,1606302610,镰仓高校放学后的蓝调时刻，真的好日漫啊,518875,镰仓
BV17K4y1X7sC,930930797,"拍风景和旅拍摄影师拍同一个模特,差别有多大? | 尼康拍照挑战",501383,镰仓
BV1KFqKYZEKi,113622403514636,元世祖忽必烈两次东征日本：要么臣服，要么灭亡,487969,镰仓
BV1LW42197bk,1856322070,[4KHDR]日本云旅游2024 | 漫步日本镰仓材木座海滩，放松解压城市环境音,436986,镰仓
BV1gu4y1X7C9,830083283,[4KHDR]日本云旅游 | 漫步日本镰仓从镰仓高校前走到江之岛，放松解压城市环境音,396881,镰仓
BV1Pt41147JC,40023571,《青春猪头少年》完美还原圣地巡礼！麻衣学姐踩过的沙滩！,396434,镰仓
BV1jX4y1U7Hw,355691831,【汪东城灌篮高手樱木花道cosplay】镰仓高校前站实地打卡,387039,镰仓
BV1xC4y1A7e6,749128262,最适合Citywalk的城市｜东京逛街探店Vlog【超长篇】,369943,镰仓
BV1ek4y1B7Kr,753875259,【屎O说】《对马岛之鬼》的必刷习题它来了！,367910,镰仓
BV1p1421b7sn,1556143239,【中日字幕/ED完整版】擅长逃跑的殿下 ED「鎌倉STYLE」/ ぼっちぼろまる,366331,镰仓
BV1aL411e7ci,442588938,【藤间斋x大姬】用我短暂二十岁，缅怀我的爱人。,353891,镰仓
BV1Fx411578t,16644278,♡ 【男友视线】有一个可爱的日本女友是什么体验 佐藤NOA镰仓行 ♡,347530,镰仓
BV1eE411N7Gn,97752963,治愈系日本海边小镇 ｜ Mamiya RB67 &amp; Kodak E100,343620,镰仓
BV1L441167m5,65393813,VLOG20/在江之岛的海边看富士山！,340202,镰仓
BV1EX4y1C7tF,356259357,好喜欢镰仓，后劲太大了。【日本02】,334871,镰仓
BV1rq4y1e7Yp,594854245,日本神话古都，人死后可以变成妖怪继续活着《镰仓物语》,332944,镰仓
BV1wr41eoEpG,113140075397683,❤️蒸汽镰仓❤️,306615,镰仓
BV1Ge1DYQEkh,113252751115843,镰仓高校放学后的蓝调时刻，真的好日漫啊,305964,镰仓
BV182tSzGEEh,115010885915245,7.30日本海啸 镰仓逃生实录,297681,镰仓
BV1FHtKz6EBn,114982884740741,在镰仓跳了借来的猫,294314,镰仓
BV1M24y1E7hB,781195978,去镰仓海岸，看一次黄昏的富士山,292835,镰仓
BV1TNeCzBEUL,115097976440722,[4KHDR]日本云旅游2025 | 蓝调时刻漫步日本神奈川镰仓，放松解压城市环境音,286887,镰仓
BV163411j7wP,423911679,小夫妻买下50度陡峭断崖地，逆天建成绝美镰仓海景房【材哥】,282987,镰仓
BV1qK421y7hp,1700007281,【北海道6天5夜】EP1-在小樽从「情书」走到「First Love」，任性又绝味的蟹肉海鲜丼，北海道三大夜景再配一个人气炸鸡｜天狗山｜小樽运河｜三角市场｜4K,191543,北海道旅游攻略
BV1g2421N7Bd,1601725923,北海道最美城市丨函馆最全攻略丨两个人的北海道之行丨胶片丨尼康,164054,北海道旅游攻略
BV1Sv421C7Ka,1450475856,不只世界级夜景，北海道最好吃的都在这里【函馆】美食攻略,120101,北海道旅游攻略
BV1ptTAzjEm9,114633700544595,探访北海道小众秘境｜白老町全纪录 · 阿伊努文化到绝美自然和丰富美食,119607,北海道旅游攻略
BV1urREBzEKR,116504376903582,烤肉拉面定食餐，棒球夜景水族馆！紧锣密鼓游玩北海道下！,115321,北海道旅游攻略
BV1hKWBzKEFW,115383356885668,和日本人松本的北海道小樽之旅，一晚两天特种兵吃货旅行！,109399,北海道旅游攻略
BV1vCFieJEnd,113929527236261,去北海道不吃这些那就真的白来了！！！,107859,北海道旅游攻略
BV185Nfz1ErS,114712989663279,住进日本100年的老宅，是什么体验？日本深度游 EP1｜札幌→小樽,106645,北海道旅游攻略
BV1tZ4y1j7da,370056284,北海道旅行tips | 3种价格温泉酒店有什么不同 | 住宿&amp;餐厅选择和预定 | 交通和支付 | 日本旅游攻略指南,101611,北海道旅游攻略
BV1r36VY5EH3,113741857362934,来了白马才知道，日本的冬季旅行不止有北海道，还有这片银白秘境,90082,北海道旅游攻略
BV1irS7YkEa2,113400776558460,北海道｜去之前怎么做攻略更方便？｜学会了就能轻松拿捏日本自由行,84681,北海道旅游攻略
BV1G9JPzaEP6,114523826688972,当我一个人来到日本最浪漫的地方：北海道小樽！据说这里3.5万可以买一套别墅？,83108,北海道旅游攻略
BV1pmX5YQEYb,114181890113663,都来看现实里的阿花 阿花の北海道 先行篇,76482,北海道旅游攻略
BV1DC411t7Eo,1952326876,《纯味香港》北海道乡土料理名店「帯広はげ天」传承美食匠心|龙虾天妇罗|极上海の幸御膳|十胜带广名物豚丼|白桃及椰子雪葩,75328,北海道旅游攻略
BV1vbq9YVE3E,113654380889723,小樽攻略丨北海道的冬天，便是雪国丨朝里丨4K丨胶片丨雪国,71181,北海道旅游攻略
BV1GW421R7F4,1855983609,【4天3夜北海道旅游 - 函馆篇】蓝调浪漫雪景海边小镇❄️ 函馆住宿、交通、美食、景点攻略分享🗻 一个女孩日本冬日旅游vlog✨,61321,北海道旅游攻略
BV1SBgizbE6D,114889284722444,【源知世】| 4k | 北海道雪景日记｜10天穿越札幌、小樽、旭川与美瑛 | Sol Life,61229,北海道旅游攻略
BV1tG41117WX,407621646,第一次在日本北海道札幌自由行该怎么玩？,57961,北海道旅游攻略
BV1JNjGzxEUF,114568957268177,北海道夏季之旅 | 日本旅行Vlog | 札幌、小樽、神威岬、地狱谷 | 3天行程,54383,北海道旅游攻略
BV1c1zqYLEaj,113565008664969,纯攻略｜第一次北海道&amp;第一次去日本，要做哪些准备？一个视频给你讲清楚！,47986,北海道旅游攻略
BV16E4TzqEvV,115359365469958,北海道五天四晚人均5000超详细旅游攻略,47578,北海道旅游攻略
BV1ER8vztEyG,114924248436353,北海道表白（登山）失败😱柯南巡礼！,47480,北海道旅游攻略
BV1g6jnzeECW,114556877673408,《情书》圣地巡礼全攻略 北海道小樽岩井俊二,47301,北海道旅游攻略
BV14gWizREpP,115382266364395,这份日本攻略，我能吹一辈子｜京都+富士山+北海道+东京10天速通｜日本旅游路线天花板,45846,北海道旅游攻略
BV1HG8NzyEzN,114905290116278,去北海道登山不？！有生命危险的那种~,45453,北海道旅游攻略
BV1Hb421Y7b8,1803671314,【鸟取3天2夜】EP1-10万年沙丘初见面，回转寿司还得是日本海一侧，鸟取和牛完全不输三大和牛｜回转寿司北海道｜地元美食割烹店｜vlog｜4K｜2024,40917,北海道旅游攻略
BV1AKTiz6Eq7,114653799651174,平均日薪560元的日本，物价到底高不高？旅行一天需要花费多少？北海道大学｜日本超市｜日本菜市场｜札幌,38744,北海道旅游攻略
BV1xi3PzeE5h,114768438369469,一个人的日本旅行Vlog 北海道 小樽 #001 ｜不懂日语i个人勇闯日本｜全障碍沟通旅游,34242,北海道旅游攻略
BV1yRJ8zdEsQ,114539345547925,大学生日本11天10晚6k攻略（含北海道）,33890,北海道旅游攻略
BV1R7PNe6Etm,114046397318739,放弃北海道攻略后，却遇到了最美的雪！,33786,北海道旅游攻略
BV16nK3zFEuk,114737534734484,有亿点霉逼的 北海道 一人旅行漫记 | 日本 北海道（下）,32280,北海道旅游攻略
BV1EBCdYqEbz,113334422671597,【日本最北之旅】利尻岛篇-「白色恋人」包装盒同款山，北海道极品海胆就在这里，也看到了人生前10的夕陽美景｜利尻富士｜燈台山｜peshi岬｜夕陽之秋展望台｜4K,32119,北海道旅游攻略
BV1EVkZYBEAg,113708269310147,北海道旅行Vlog丨北海道种草机丨札幌丨小樽丨登别丨洞爷湖丨这次有把行程攻略放在最后,31723,北海道旅游攻略
BV1tt411R7WL,34390226,【10分钟旅游攻略】北海道札幌篇,31072,北海道旅游攻略
BV1w94y1k7J3,362116466,第一次去北海道自由行该怎么玩？,30528,北海道旅游攻略
BV1HosDePEQa,113186732773452,【日本最北之旅】礼文岛下篇-真· 炸裂的一期vlog，海角徒步路线，走就是大正解｜北海道｜须古顿岬｜圆岩岬｜澄海岬｜4K｜2024,30088,北海道旅游攻略
BV1Xw4m1S7iV,1104683228,【直播切片】香草精和香草荚的区别 北海道最值得吃的是什么 夏季的烟火大会,28885,北海道旅游攻略
BV1oU7jzvEH1,114591874945265,冬日北海道之旅｜畅游雪景中的札幌、小樽与美瑛｜日本Vlog,28288,北海道旅游攻略
BV1Vr421j7Z8,1404698522,【直播切片】白桃乌龙味是怎么来的 什么季节适合去北海道旅游,27078,北海道旅游攻略
BV1to3DziEYN,114798603803010,一个人的日本旅行Vlog 北海道 美瑛 旭川 东川町 #002｜在北海道闯入了游戏世界｜不懂日语i个人勇闯日本｜全障碍沟通,26787,北海道旅游攻略
BV1j7fbYcE7x,113869397696240,日本北海道浪漫小城小樽自由行详细旅行攻略,26102,北海道旅游攻略
BV1VHhNzaEJM,114959530858537,北海道观鲸 太震撼了 一个人的日本旅行Vlog  网走 出发关西#004｜不懂日语i个人勇闯日本｜全障碍旅游,25317,北海道旅游攻略
BV1snN2eCEWp,113973181547911,【🇯🇵北海道自由行】一月冬季到札幌☃️❄️ 打卡First Love场景札幌电视塔🗼观光区薄野站&amp;狸小路商店街美食😋 札幌平价酒店推荐✨,25065,北海道旅游攻略
BV19S4y1t75s,728968183,北海道好玩吗？来！我带你逛一圈！北海道旅游攻略VLOG 景点+美食,24577,北海道旅游攻略
BV1Px7WzvE3n,114596388085625,听着罪恶王冠来到了北海道的孤独圣诞树｜然后顺着孤独的路去到了孤独的车站,24263,北海道旅游攻略
BV1Jx4y1n7f8,1005131544,景区的宣传和体验~北海道四季彩之丘·时代广场,24051,北海道旅游攻略
BV16m421g7Cq,1606253551,【日本最北之旅】预告｜99%的游客没去过的北海道-稚内、礼文岛、利尻岛,23886,北海道旅游攻略
BV1yVQ2Y3EVS,114165364557197,东京-北海道 二十小时夜行轮渡【稀有路线攻略】,22392,北海道旅游攻略
BV14fcke4Ef5,113818696945787,日本北海道札幌市区地铁公交轨道电车交通景点保姆级旅行攻略,22154,北海道旅游攻略
BV143bAzCEzn,115002396640675,人类总在夏天回忆冬天☃️北海道露天温泉vlog,21418,北海道旅游攻略
BV1urnmzpEB8,115293699442088,【保姆级】北海道札幌二日游：日本自助旅行的美食与景点全攻略,21072,北海道旅游攻略
BV11GnBznEPU,115287105996188,明明全世界都有雪，为什么那么多人非要去北海道？,20676,北海道旅游攻略
BV1xj421Z7Ti,1651600966,『北海道手稻滑雪场』超详细攻略，能滑到5月初，交通便利，高性价比。,20439,北海道旅游攻略
BV1cQfhY1E1c,113871729729222,在北海道洞爷湖住进了新晋人生酒店！！！,19932,北海道旅游攻略
BV1jL411L7Do,465210882,小伙终于能去北海道旅行了，结果竟然发生这样的事情，无语了。,19300,北海道旅游攻略
BV1g1osYBEJE,114220578374603,日本北海道限定！巧克力工厂的梦幻奇遇,18932,北海道旅游攻略
